Ref,Codec,CRF,Comp,FileStream,PSNR_Y,PSNR_CB,PSNR_CR,SSIM,CAMBI,VMAF,Height,Width,NumFrames,SI,TI
A007C031_171117_R2HN_5.yuv,H265,51,A007C031_171117_R2HN_5_H265_CRF51_.yuv,A007C031_171117_R2HN_5_H265_CRF51_.txt,30.51477598,36.90074848,35.10140406,0.75291675,5.992803258,17.50712417,1080,1920,120,26.7,13.8
A007C032_171117_R2HN_5.yuv,H264,51,A007C032_171117_R2HN_5_H264_CRF51_.yuv,A007C032_171117_R2HN_5_H264_CRF51_.txt,28.6820713,36.06816788,37.12242333,0.7805059,6.644251708,9.071798933,1080,1920,120,25.3,9.26
A007C032_171117_R2HN_5.yuv,H265,51,A007C032_171117_R2HN_5_H265_CRF51_.yuv,A007C032_171117_R2HN_5_H265_CRF51_.txt,32.09735776,36.03016517,36.31781243,0.8605038,6.650598633,16.78206198,1080,1920,120,25.3,9.26
A007C035_171117_R2HN_1.yuv,H264,41,A007C035_171117_R2HN_1_H264_CRF41_.yuv,A007C035_171117_R2HN_1_H264_CRF41_.txt,33.87602925,39.11235925,38.20542803,0.968666308,6.741935242,65.61157018,1080,1920,120,61.1,23.7
A007C035_171117_R2HN_1.yuv,H264,31,A007C035_171117_R2HN_1_H264_CRF31_.yuv,A007C035_171117_R2HN_1_H264_CRF31_.txt,38.85162464,41.19072791,40.80472543,0.991004342,12.70283648,90.36868367,1080,1920,120,61.1,23.7
A007C035_171117_R2HN_1.yuv,H265,51,A007C035_171117_R2HN_1_H265_CRF51_.yuv,A007C035_171117_R2HN_1_H265_CRF51_.txt,30.12319595,36.07293069,34.22908258,0.9353271,7.259824608,33.57456686,1080,1920,120,61.1,23.7
A007C035_171117_R2HN_1.yuv,H265,41,A007C035_171117_R2HN_1_H265_CRF41_.yuv,A007C035_171117_R2HN_1_H265_CRF41_.txt,35.09316252,39.08493236,38.6345465,0.977220117,9.543301342,71.21518319,1080,1920,120,61.1,23.7
A007C035_171117_R2HN_1.yuv,H265,31,A007C035_171117_R2HN_1_H265_CRF31_.yuv,A007C035_171117_R2HN_1_H265_CRF31_.txt,39.99237757,41.97712858,41.69647263,0.992160658,14.17851058,92.70050397,1080,1920,120,61.1,23.7
A007C035_171117_R2HN_1.yuv,H265,21,A007C035_171117_R2HN_1_H265_CRF21_.yuv,A007C035_171117_R2HN_1_H265_CRF21_.txt,43.93130172,45.32468203,44.41228505,0.996324075,10.8388955,99.35677321,1080,1920,120,61.1,23.7
A007C035_171117_R2HN_1.yuv,AV1,63,A007C035_171117_R2HN_1_AV1_CRF63_.yuv,A007C035_171117_R2HN_1_AV1_CRF63_.txt,36.2726518,40.49904791,40.09539293,0.982744783,14.71545402,79.70075362,1080,1920,120,61.1,23.7
A007C035_171117_R2HN_1.yuv,AV1,51,A007C035_171117_R2HN_1_AV1_CRF51_.yuv,A007C035_171117_R2HN_1_AV1_CRF51_.txt,39.67013609,43.33506658,42.48059409,0.992061183,14.8265753,92.67549174,1080,1920,120,61.1,23.7
A007C035_171117_R2HN_1.yuv,AV1,38,A007C035_171117_R2HN_1_AV1_CRF38_.yuv,A007C035_171117_R2HN_1_AV1_CRF38_.txt,42.13357011,44.76870601,43.76256188,0.995120867,15.08066457,97.52924639,1080,1920,120,61.1,23.7
A007C035_171117_R2HN_1.yuv,AV1,26,A007C035_171117_R2HN_1_AV1_CRF26_.yuv,A007C035_171117_R2HN_1_AV1_CRF26_.txt,44.12725058,46.09913376,44.90944544,0.99655585,13.7709741,99.58777821,1080,1920,120,61.1,23.7
A007C035_171117_R2HN_1.yuv,AV1,13,A007C035_171117_R2HN_1_AV1_CRF13_.yuv,A007C035_171117_R2HN_1_AV1_CRF13_.txt,45.39164478,47.28823968,45.70943364,0.997190342,13.31658078,99.79740423,1080,1920,120,61.1,23.7
A007C036_171117_R2HN_0.yuv,H264,31,A007C036_171117_R2HN_0_H264_CRF31_.yuv,A007C036_171117_R2HN_0_H264_CRF31_.txt,38.75371977,42.09820298,41.4925244,0.988311292,6.290504658,88.1568594,1080,1920,120,54.2,17.8
A007C036_171117_R2HN_0.yuv,H265,51,A007C036_171117_R2HN_0_H265_CRF51_.yuv,A007C036_171117_R2HN_0_H265_CRF51_.txt,29.42160957,36.93836546,35.94141393,0.888977092,5.69740625,28.3272468,1080,1920,120,54.2,17.8
A007C036_171117_R2HN_0.yuv,H265,41,A007C036_171117_R2HN_0_H265_CRF41_.yuv,A007C036_171117_R2HN_0_H265_CRF41_.txt,34.78969298,39.75971927,39.24258686,0.963401558,5.404480817,67.15805833,1080,1920,120,54.2,17.8
A007C036_171117_R2HN_0.yuv,H265,31,A007C036_171117_R2HN_0_H265_CRF31_.yuv,A007C036_171117_R2HN_0_H265_CRF31_.txt,40.10548735,42.52791287,41.71916133,0.990041417,6.804387308,90.81221297,1080,1920,120,54.2,17.8
A007C036_171117_R2HN_0.yuv,AV1,51,A007C036_171117_R2HN_0_AV1_CRF51_.yuv,A007C036_171117_R2HN_0_AV1_CRF51_.txt,41.13893743,44.58360383,42.81522167,0.991808442,8.561500833,93.85794418,1080,1920,120,54.2,17.8
A007C036_171117_R2HN_0.yuv,AV1,63,A007C036_171117_R2HN_0_AV1_CRF63_.yuv,A007C036_171117_R2HN_0_AV1_CRF63_.txt,36.53601197,41.34385739,40.1998068,0.975307475,9.071087625,78.34724744,1080,1920,120,54.2,17.8
A007C036_171117_R2HN_0.yuv,AV1,38,A007C036_171117_R2HN_0_AV1_CRF38_.yuv,A007C036_171117_R2HN_0_AV1_CRF38_.txt,42.96030346,45.97268207,43.83480669,0.994870792,8.397859842,97.31899763,1080,1920,120,54.2,17.8
A007C036_171117_R2HN_0.yuv,AV1,26,A007C036_171117_R2HN_0_AV1_CRF26_.yuv,A007C036_171117_R2HN_0_AV1_CRF26_.txt,44.00647746,46.71935853,44.30377886,0.996057933,7.455055158,99.02098181,1080,1920,120,54.2,17.8
A007C036_171117_R2HN_0.yuv,AV1,13,A007C036_171117_R2HN_0_AV1_CRF13_.yuv,A007C036_171117_R2HN_0_AV1_CRF13_.txt,44.72760403,47.24047489,44.96554438,0.996954225,5.977158783,99.36931373,1080,1920,120,54.2,17.8
A007C036_171117_R2HN_4.yuv,H264,41,A007C036_171117_R2HN_4_H264_CRF41_.yuv,A007C036_171117_R2HN_4_H264_CRF41_.txt,35.42885912,39.99274143,40.13282474,0.977939642,6.764204233,67.60226852,1080,1920,120,52.1,25.5
A007C036_171117_R2HN_4.yuv,H264,31,A007C036_171117_R2HN_4_H264_CRF31_.yuv,A007C036_171117_R2HN_4_H264_CRF31_.txt,40.6231074,42.75703761,42.5967477,0.9930249,16.83570641,90.30747062,1080,1920,120,52.1,25.5
A007C036_171117_R2HN_4.yuv,H264,21,A007C036_171117_R2HN_4_H264_CRF21_.yuv,A007C036_171117_R2HN_4_H264_CRF21_.txt,44.09544237,45.94009761,44.70584527,0.996131692,6.011832783,98.71777776,1080,1920,120,52.1,25.5
A007C036_171117_R2HN_4.yuv,H265,51,A007C036_171117_R2HN_4_H265_CRF51_.yuv,A007C036_171117_R2HN_4_H265_CRF51_.txt,31.45076518,36.07717487,35.48957548,0.953102467,7.895947267,33.20575186,1080,1920,120,52.1,25.5
A007C036_171117_R2HN_4.yuv,H265,41,A007C036_171117_R2HN_4_H265_CRF41_.yuv,A007C036_171117_R2HN_4_H265_CRF41_.txt,36.8845103,40.17303044,40.06900472,0.982912542,10.85218364,71.35267316,1080,1920,120,52.1,25.5
A007C036_171117_R2HN_4.yuv,H265,31,A007C036_171117_R2HN_4_H265_CRF31_.yuv,A007C036_171117_R2HN_4_H265_CRF31_.txt,41.70354178,43.45948081,43.02791241,0.993562367,16.76211066,92.20055513,1080,1920,120,52.1,25.5
A007C036_171117_R2HN_4.yuv,H265,21,A007C036_171117_R2HN_4_H265_CRF21_.yuv,A007C036_171117_R2HN_4_H265_CRF21_.txt,44.65252652,46.53287753,45.10515046,0.996147283,13.00434618,98.9918132,1080,1920,120,52.1,25.5
A007C036_171117_R2HN_4.yuv,AV1,63,A007C036_171117_R2HN_4_AV1_CRF63_.yuv,A007C036_171117_R2HN_4_AV1_CRF63_.txt,37.35125043,41.29945364,40.97580704,0.985828517,15.79766684,73.8198761,1080,1920,120,52.1,25.5
A007C036_171117_R2HN_4.yuv,AV1,51,A007C036_171117_R2HN_4_AV1_CRF51_.yuv,A007C036_171117_R2HN_4_AV1_CRF51_.txt,41.19694965,44.28956185,43.44665883,0.993583692,16.11430632,90.70675312,1080,1920,120,52.1,25.5
A007C036_171117_R2HN_4.yuv,AV1,38,A007C036_171117_R2HN_4_AV1_CRF38_.yuv,A007C036_171117_R2HN_4_AV1_CRF38_.txt,43.23739312,45.75473057,44.55373703,0.995493633,16.50166553,96.29502607,1080,1920,120,52.1,25.5
A007C036_171117_R2HN_4.yuv,AV1,26,A007C036_171117_R2HN_4_AV1_CRF26_.yuv,A007C036_171117_R2HN_4_AV1_CRF26_.txt,44.65789948,46.89481059,45.30813734,0.996400308,15.13884651,99.09788509,1080,1920,120,52.1,25.5
A007C036_171117_R2HN_4.yuv,AV1,13,A007C036_171117_R2HN_4_AV1_CRF13_.yuv,A007C036_171117_R2HN_4_AV1_CRF13_.txt,45.53485596,47.74342534,45.79027063,0.996891333,14.61528739,99.87400002,1080,1920,120,52.1,25.5
A007C041_171117_R2HN_3.yuv,H264,31,A007C041_171117_R2HN_3_H264_CRF31_.yuv,A007C041_171117_R2HN_3_H264_CRF31_.txt,39.94748442,41.59585158,43.27023168,0.994911017,8.315444008,88.09664973,1080,1920,120,48.3,14.8
A007C041_171117_R2HN_3.yuv,H264,21,A007C041_171117_R2HN_3_H264_CRF21_.yuv,A007C041_171117_R2HN_3_H264_CRF21_.txt,44.81637698,45.28481017,46.30530228,0.997894383,6.750055167,97.33030083,1080,1920,120,48.3,14.8
A007C041_171117_R2HN_3.yuv,H265,41,A007C041_171117_R2HN_3_H265_CRF41_.yuv,A007C041_171117_R2HN_3_H265_CRF41_.txt,35.38730819,39.09344146,40.65230167,0.98249205,7.264380242,67.92434989,1080,1920,120,48.3,14.8
A007C041_171117_R2HN_3.yuv,H265,31,A007C041_171117_R2HN_3_H265_CRF31_.yuv,A007C041_171117_R2HN_3_H265_CRF31_.txt,41.15570746,42.50253521,43.98790777,0.995486758,9.374035925,91.35466108,1080,1920,120,48.3,14.8
A007C041_171117_R2HN_3.yuv,H265,51,A007C041_171117_R2HN_3_H265_CRF51_.yuv,A007C041_171117_R2HN_3_H265_CRF51_.txt,30.37466683,35.42368923,36.7794284,0.936862733,5.350115708,28.35153717,1080,1920,120,48.3,14.8
A007C041_171117_R2HN_3.yuv,H265,21,A007C041_171117_R2HN_3_H265_CRF21_.yuv,A007C041_171117_R2HN_3_H265_CRF21_.txt,45.54990497,46.14269078,46.98223978,0.99799635,8.508390458,98.12846033,1080,1920,120,48.3,14.8
A007C041_171117_R2HN_3.yuv,AV1,63,A007C041_171117_R2HN_3_AV1_CRF63_.yuv,A007C041_171117_R2HN_3_AV1_CRF63_.txt,36.79526175,41.14577971,42.24370074,0.987840725,9.70182415,77.20792538,1080,1920,120,48.3,14.8
A007C041_171117_R2HN_3.yuv,AV1,51,A007C041_171117_R2HN_3_AV1_CRF51_.yuv,A007C041_171117_R2HN_3_AV1_CRF51_.txt,41.482114,44.35615243,45.41344103,0.995890458,9.546249475,92.86255635,1080,1920,120,48.3,14.8
A007C041_171117_R2HN_3.yuv,AV1,38,A007C041_171117_R2HN_3_AV1_CRF38_.yuv,A007C041_171117_R2HN_3_AV1_CRF38_.txt,44.127271,45.95041836,46.79257988,0.997555075,9.699085275,96.85534399,1080,1920,120,48.3,14.8
A007C041_171117_R2HN_3.yuv,AV1,26,A007C041_171117_R2HN_3_AV1_CRF26_.yuv,A007C041_171117_R2HN_3_AV1_CRF26_.txt,45.91771599,47.12729095,47.69255198,0.998179242,9.367880208,98.80605266,1080,1920,120,48.3,14.8
A007C041_171117_R2HN_3.yuv,AV1,13,A007C041_171117_R2HN_3_AV1_CRF13_.yuv,A007C041_171117_R2HN_3_AV1_CRF13_.txt,47.04873103,48.04115513,48.38894998,0.998489042,8.671749642,99.45470815,1080,1920,120,48.3,14.8
ABasketballS3YonseiUniversity_3840x2176_30fps_10bit_420.yuv,H264,31,ABasketballS3YonseiUniversity_3840x2176_30fps_10bit_420_H264_CRF31_.yuv,ABasketballS3YonseiUniversity_3840x2176_30fps_10bit_420_H264_CRF31_.txt,42.52932559,41.77069158,45.15802691,0.995779219,5.058136141,82.94889138,2176,3840,64,29.7,13.0
ABasketballS3YonseiUniversity_3840x2176_30fps_10bit_420.yuv,H265,41,ABasketballS3YonseiUniversity_3840x2176_30fps_10bit_420_H265_CRF41_.yuv,ABasketballS3YonseiUniversity_3840x2176_30fps_10bit_420_H265_CRF41_.txt,37.4427337,39.79186464,41.89114098,0.980451422,6.520928922,57.66699272,2176,3840,64,29.7,13.0
ABasketballS3YonseiUniversity_3840x2176_30fps_10bit_420.yuv,H265,51,ABasketballS3YonseiUniversity_3840x2176_30fps_10bit_420_H265_CRF51_.yuv,ABasketballS3YonseiUniversity_3840x2176_30fps_10bit_420_H265_CRF51_.txt,31.77860416,36.3232255,37.13838466,0.92503925,5.889730922,18.43184816,2176,3840,64,29.7,13.0
ABasketballS3YonseiUniversity_3840x2176_30fps_10bit_420.yuv,AV1,63,ABasketballS3YonseiUniversity_3840x2176_30fps_10bit_420_AV1_CRF63_.yuv,ABasketballS3YonseiUniversity_3840x2176_30fps_10bit_420_AV1_CRF63_.txt,38.4554115,40.71972472,43.28904683,0.988693734,6.329124188,62.95159036,2176,3840,64,29.7,13.0
ABubblesPitcherS1BVITexture_3840x2176_120fps_10bit_420.yuv,H264,51,ABubblesPitcherS1BVITexture_3840x2176_120fps_10bit_420_H264_CRF51_.yuv,ABubblesPitcherS1BVITexture_3840x2176_120fps_10bit_420_H264_CRF51_.txt,29.49698333,35.90086761,39.17700566,0.872306063,6.071077297,40.79434428,2176,3840,64,10.0,5.55
ABubblesPitcherS1BVITexture_3840x2176_120fps_10bit_420.yuv,H264,41,ABubblesPitcherS1BVITexture_3840x2176_120fps_10bit_420_H264_CRF41_.yuv,ABubblesPitcherS1BVITexture_3840x2176_120fps_10bit_420_H264_CRF41_.txt,39.33407414,38.32300158,43.43638153,0.971085969,5.052931156,65.99439542,2176,3840,64,10.0,5.55
ABubblesPitcherS1BVITexture_3840x2176_120fps_10bit_420.yuv,H264,31,ABubblesPitcherS1BVITexture_3840x2176_120fps_10bit_420_H264_CRF31_.yuv,ABubblesPitcherS1BVITexture_3840x2176_120fps_10bit_420_H264_CRF31_.txt,44.06123658,39.69987888,47.69947008,0.992854984,6.461227,84.90126858,2176,3840,64,10.0,5.55
ABubblesPitcherS1BVITexture_3840x2176_120fps_10bit_420.yuv,H265,51,ABubblesPitcherS1BVITexture_3840x2176_120fps_10bit_420_H265_CRF51_.yuv,ABubblesPitcherS1BVITexture_3840x2176_120fps_10bit_420_H265_CRF51_.txt,36.58974108,35.9700473,40.11630106,0.955652984,14.38367469,38.7961563,2176,3840,64,10.0,5.55
ABubblesPitcherS1BVITexture_3840x2176_120fps_10bit_420.yuv,H265,41,ABubblesPitcherS1BVITexture_3840x2176_120fps_10bit_420_H265_CRF41_.yuv,ABubblesPitcherS1BVITexture_3840x2176_120fps_10bit_420_H265_CRF41_.txt,40.87996567,37.95192045,44.82319609,0.980382141,14.03089638,65.77600436,2176,3840,64,10.0,5.55
ABubblesPitcherS1BVITexture_3840x2176_120fps_10bit_420.yuv,H265,31,ABubblesPitcherS1BVITexture_3840x2176_120fps_10bit_420_H265_CRF31_.yuv,ABubblesPitcherS1BVITexture_3840x2176_120fps_10bit_420_H265_CRF31_.txt,44.28917994,39.30560303,47.63436403,0.992761328,14.14689425,85.00363675,2176,3840,64,10.0,5.55
ABubblesPitcherS1BVITexture_3840x2176_120fps_10bit_420.yuv,AV1,63,ABubblesPitcherS1BVITexture_3840x2176_120fps_10bit_420_AV1_CRF63_.yuv,ABubblesPitcherS1BVITexture_3840x2176_120fps_10bit_420_AV1_CRF63_.txt,41.16226641,38.33595509,46.1843428,0.980227422,17.40528622,61.27232911,2176,3840,64,10.0,5.55
ABubblesPitcherS1BVITexture_3840x2176_120fps_10bit_420.yuv,AV1,51,ABubblesPitcherS1BVITexture_3840x2176_120fps_10bit_420_AV1_CRF51_.yuv,ABubblesPitcherS1BVITexture_3840x2176_120fps_10bit_420_AV1_CRF51_.txt,43.92780588,39.40718697,48.60495514,0.991191016,18.09720627,80.4687097,2176,3840,64,10.0,5.55
ABubblesPitcherS1BVITexture_3840x2176_120fps_10bit_420.yuv,AV1,38,ABubblesPitcherS1BVITexture_3840x2176_120fps_10bit_420_AV1_CRF38_.yuv,ABubblesPitcherS1BVITexture_3840x2176_120fps_10bit_420_AV1_CRF38_.txt,45.12927167,39.94982152,49.40968486,0.994622359,17.76641263,88.09147309,2176,3840,64,10.0,5.55
ABubblesPitcherS1BVITexture_3840x2176_120fps_10bit_420.yuv,AV1,26,ABubblesPitcherS1BVITexture_3840x2176_120fps_10bit_420_AV1_CRF26_.yuv,ABubblesPitcherS1BVITexture_3840x2176_120fps_10bit_420_AV1_CRF26_.txt,46.01978298,40.81037483,49.98296828,0.9965895,16.68347964,92.72494508,2176,3840,64,10.0,5.55
ABubblesPitcherS1BVITexture_3840x2176_120fps_10bit_420.yuv,AV1,13,ABubblesPitcherS1BVITexture_3840x2176_120fps_10bit_420_AV1_CRF13_.yuv,ABubblesPitcherS1BVITexture_3840x2176_120fps_10bit_420_AV1_CRF13_.txt,47.19585278,44.04093184,50.41130338,0.998366984,11.94794558,95.46667959,2176,3840,64,10.0,5.55
AHamsterBVIHFR_3840x2176_120fps_10bit_420.yuv,H264,41,AHamsterBVIHFR_3840x2176_120fps_10bit_420_H264_CRF41_.yuv,AHamsterBVIHFR_3840x2176_120fps_10bit_420_H264_CRF41_.txt,35.68306375,37.84067431,43.12361639,0.974661063,6.544844391,61.74611463,2176,3840,64,34.7,18.9
AHamsterBVIHFR_3840x2176_120fps_10bit_420.yuv,H265,51,AHamsterBVIHFR_3840x2176_120fps_10bit_420_H265_CRF51_.yuv,AHamsterBVIHFR_3840x2176_120fps_10bit_420_H265_CRF51_.txt,31.05360525,33.2349445,37.67879997,0.877875609,6.109665781,37.93667777,2176,3840,64,34.7,18.9
aom_meridian_3840x2160_5994_hdr10_22412-22738.yuv,H265,41,aom_meridian_3840x2160_5994_hdr10_22412-22738_H265_CRF41_.yuv,aom_meridian_3840x2160_5994_hdr10_22412-22738_H265_CRF41_.txt,33.51752241,45.81029656,49.39130985,0.933992015,5.192948238,40.77285052,1080,1920,130,33.1,10.3
aom_meridian_3840x2160_5994_hdr10_22412-22738.yuv,H265,51,aom_meridian_3840x2160_5994_hdr10_22412-22738_H265_CRF51_.yuv,aom_meridian_3840x2160_5994_hdr10_22412-22738_H265_CRF51_.txt,29.98488818,44.09272477,44.89413713,0.8365738,7.348030008,9.343083131,1080,1920,130,33.1,10.3
aom_meridian_3840x2160_5994_hdr10_22412-22738.yuv,AV1,63,aom_meridian_3840x2160_5994_hdr10_22412-22738_AV1_CRF63_.yuv,aom_meridian_3840x2160_5994_hdr10_22412-22738_AV1_CRF63_.txt,33.88519336,46.20651801,49.72000578,0.941604992,5.469446677,44.21619018,1080,1920,130,33.1,10.3
aom_meridian_3840x2160_5994_hdr10_24058-24550.yuv,H264,41,aom_meridian_3840x2160_5994_hdr10_24058-24550_H264_CRF41_.yuv,aom_meridian_3840x2160_5994_hdr10_24058-24550_H264_CRF41_.txt,37.33683345,44.93232353,44.75066706,0.952232585,5.057305038,49.53591496,1080,1920,130,16.7,11.8
aom_meridian_3840x2160_5994_hdr10_24058-24550.yuv,H265,51,aom_meridian_3840x2160_5994_hdr10_24058-24550_H265_CRF51_.yuv,aom_meridian_3840x2160_5994_hdr10_24058-24550_H265_CRF51_.txt,33.27881118,43.26954132,42.48663275,0.901948177,8.665990546,15.3883855,1080,1920,130,16.7,11.8
aom_meridian_3840x2160_5994_hdr10_24058-24550.yuv,H265,41,aom_meridian_3840x2160_5994_hdr10_24058-24550_H265_CRF41_.yuv,aom_meridian_3840x2160_5994_hdr10_24058-24550_H265_CRF41_.txt,37.95708923,46.02326439,48.58207562,0.958214769,6.1945929,52.03199011,1080,1920,130,16.7,11.8
aom_meridian_3840x2160_5994_hdr10_24058-24550.yuv,AV1,63,aom_meridian_3840x2160_5994_hdr10_24058-24550_AV1_CRF63_.yuv,aom_meridian_3840x2160_5994_hdr10_24058-24550_AV1_CRF63_.txt,39.90106836,48.07257488,50.34059398,0.975029054,6.735793185,64.44188075,1080,1920,130,16.7,11.8
aom_meridian_3840x2160_5994_hdr10_24058-24550.yuv,AV1,51,aom_meridian_3840x2160_5994_hdr10_24058-24550_AV1_CRF51_.yuv,aom_meridian_3840x2160_5994_hdr10_24058-24550_AV1_CRF51_.txt,43.12255496,49.61276966,52.20598715,0.990844877,5.281565677,83.8662528,1080,1920,130,16.7,11.8
aom_nocturne_3840x2160_60_hdr10_9010-9349.yuv,H264,51,aom_nocturne_3840x2160_60_hdr10_9010-9349_H264_CRF51_.yuv,aom_nocturne_3840x2160_60_hdr10_9010-9349_H264_CRF51_.txt,30.33090033,38.33063045,41.98408668,0.933713731,6.761209569,53.49067258,1080,1920,130,5.97,1.98
aom_nocturne_3840x2160_60_hdr10_9010-9349.yuv,H264,31,aom_nocturne_3840x2160_60_hdr10_9010-9349_H264_CRF31_.yuv,aom_nocturne_3840x2160_60_hdr10_9010-9349_H264_CRF31_.txt,44.90732898,43.92874975,50.12214155,0.991335277,10.52395435,75.67893289,1080,1920,130,5.97,1.98
aom_nocturne_3840x2160_60_hdr10_9010-9349.yuv,H264,41,aom_nocturne_3840x2160_60_hdr10_9010-9349_H264_CRF41_.yuv,aom_nocturne_3840x2160_60_hdr10_9010-9349_H264_CRF41_.txt,40.12663038,41.594467,44.80222867,0.976003792,7.008613869,67.22756729,1080,1920,130,5.97,1.98
aom_nocturne_3840x2160_60_hdr10_9010-9349.yuv,H265,51,aom_nocturne_3840x2160_60_hdr10_9010-9349_H265_CRF51_.yuv,aom_nocturne_3840x2160_60_hdr10_9010-9349_H265_CRF51_.txt,37.20098406,38.46992532,41.38241515,0.963497369,9.543397777,58.35908989,1080,1920,130,5.97,1.98
aom_nocturne_3840x2160_60_hdr10_9010-9349.yuv,H265,31,aom_nocturne_3840x2160_60_hdr10_9010-9349_H265_CRF31_.yuv,aom_nocturne_3840x2160_60_hdr10_9010-9349_H265_CRF31_.txt,45.25268397,43.46608742,50.15286171,0.9921352,12.20236119,75.32717192,1080,1920,130,5.97,1.98
aom_nocturne_3840x2160_60_hdr10_9010-9349.yuv,H265,41,aom_nocturne_3840x2160_60_hdr10_9010-9349_H265_CRF41_.yuv,aom_nocturne_3840x2160_60_hdr10_9010-9349_H265_CRF41_.txt,41.96553204,41.57149985,46.76755591,0.982401623,13.37302709,67.92953141,1080,1920,130,5.97,1.98
aom_nocturne_3840x2160_60_hdr10_9010-9349.yuv,H265,21,aom_nocturne_3840x2160_60_hdr10_9010-9349_H265_CRF21_.yuv,aom_nocturne_3840x2160_60_hdr10_9010-9349_H265_CRF21_.txt,46.27051227,44.88491858,52.51438685,0.994864577,9.048847392,80.24183172,1080,1920,130,5.97,1.98
aom_nocturne_3840x2160_60_hdr10_9010-9349.yuv,AV1,63,aom_nocturne_3840x2160_60_hdr10_9010-9349_AV1_CRF63_.yuv,aom_nocturne_3840x2160_60_hdr10_9010-9349_AV1_CRF63_.txt,44.4678794,43.35746979,50.4130029,0.991417462,12.52074602,71.72653299,1080,1920,130,5.97,1.98
aom_nocturne_3840x2160_60_hdr10_9010-9349.yuv,AV1,38,aom_nocturne_3840x2160_60_hdr10_9010-9349_AV1_CRF38_.yuv,aom_nocturne_3840x2160_60_hdr10_9010-9349_AV1_CRF38_.txt,46.19398036,44.76604335,52.86280529,0.994759631,12.6173143,76.95583288,1080,1920,130,5.97,1.98
aom_nocturne_3840x2160_60_hdr10_9010-9349.yuv,AV1,51,aom_nocturne_3840x2160_60_hdr10_9010-9349_AV1_CRF51_.yuv,aom_nocturne_3840x2160_60_hdr10_9010-9349_AV1_CRF51_.txt,45.90723056,44.49570325,52.25239966,0.994226608,11.70805715,75.71806649,1080,1920,130,5.97,1.98
aom_nocturne_3840x2160_60_hdr10_9010-9349.yuv,AV1,26,aom_nocturne_3840x2160_60_hdr10_9010-9349_AV1_CRF26_.yuv,aom_nocturne_3840x2160_60_hdr10_9010-9349_AV1_CRF26_.txt,46.34982007,44.89139277,53.23189578,0.995060477,11.99131122,77.51648616,1080,1920,130,5.97,1.98
aom_nocturne_3840x2160_60_hdr10_9010-9349.yuv,AV1,13,aom_nocturne_3840x2160_60_hdr10_9010-9349_AV1_CRF13_.yuv,aom_nocturne_3840x2160_60_hdr10_9010-9349_AV1_CRF13_.txt,46.72583687,45.77444969,53.41675969,0.995874169,12.24978779,80.81130337,1080,1920,130,5.97,1.98
AStreetDancerS3IRIS_3840x2176_24fps_10bit_420.yuv,H265,51,AStreetDancerS3IRIS_3840x2176_24fps_10bit_420_H265_CRF51_.yuv,AStreetDancerS3IRIS_3840x2176_24fps_10bit_420_H265_CRF51_.txt,32.82792097,39.16460105,42.54119411,0.916747172,7.4178555,30.69100711,2176,3840,64,24.2,30.0
AStreetDancerS3IRIS_3840x2176_24fps_10bit_420.yuv,AV1,63,AStreetDancerS3IRIS_3840x2176_24fps_10bit_420_AV1_CRF63_.yuv,AStreetDancerS3IRIS_3840x2176_24fps_10bit_420_AV1_CRF63_.txt,37.0736373,43.07959908,46.0116462,0.976632844,5.819086266,56.62840364,2176,3840,64,24.2,30.0
AStreetDancerS3IRIS_3840x2176_24fps_10bit_420.yuv,AV1,51,AStreetDancerS3IRIS_3840x2176_24fps_10bit_420_AV1_CRF51_.yuv,AStreetDancerS3IRIS_3840x2176_24fps_10bit_420_AV1_CRF51_.txt,41.92626713,46.78901247,49.51768038,0.992976984,5.297783188,80.85334558,2176,3840,64,24.2,30.0
AStreetDancerS5IRIS_3840x2176_24fps_10bit_420.yuv,H265,51,AStreetDancerS5IRIS_3840x2176_24fps_10bit_420_H265_CRF51_.yuv,AStreetDancerS5IRIS_3840x2176_24fps_10bit_420_H265_CRF51_.txt,32.80978747,40.83627283,42.7941347,0.922206156,5.942224109,31.38725544,2176,3840,64,25.4,23.5
AStreetDancerS5IRIS_3840x2176_24fps_10bit_420.yuv,AV1,63,AStreetDancerS5IRIS_3840x2176_24fps_10bit_420_AV1_CRF63_.yuv,AStreetDancerS5IRIS_3840x2176_24fps_10bit_420_AV1_CRF63_.txt,37.36633911,44.13024978,46.53168388,0.97843475,6.133799219,56.32418566,2176,3840,64,25.4,23.5
AStreetDancerS5IRIS_3840x2176_24fps_10bit_420.yuv,AV1,51,AStreetDancerS5IRIS_3840x2176_24fps_10bit_420_AV1_CRF51_.yuv,AStreetDancerS5IRIS_3840x2176_24fps_10bit_420_AV1_CRF51_.txt,42.35127844,47.46750114,49.78636886,0.993926328,5.817673266,81.87697102,2176,3840,64,25.4,23.5
AStreetDancerS5IRIS_3840x2176_24fps_10bit_420.yuv,AV1,38,AStreetDancerS5IRIS_3840x2176_24fps_10bit_420_AV1_CRF38_.yuv,AStreetDancerS5IRIS_3840x2176_24fps_10bit_420_AV1_CRF38_.txt,45.10334778,49.37371703,51.4424618,0.997271891,5.54658825,93.25239423,2176,3840,64,25.4,23.5
BHamsterBVIHFR_1920x1088_120fps_10bit_420.yuv,H264,41,BHamsterBVIHFR_1920x1088_120fps_10bit_420_H264_CRF41_.yuv,BHamsterBVIHFR_1920x1088_120fps_10bit_420_H264_CRF41_.txt,32.68175745,36.23216756,41.26926613,0.952701828,6.414404094,59.50535258,1088,1920,64,60.5,18.9
BHamsterBVIHFR_1920x1088_120fps_10bit_420.yuv,H264,51,BHamsterBVIHFR_1920x1088_120fps_10bit_420_H264_CRF51_.yuv,BHamsterBVIHFR_1920x1088_120fps_10bit_420_H264_CRF51_.txt,26.35279334,33.18614616,37.7149317,0.611506516,5.033964641,19.05884719,1088,1920,64,60.5,18.9
CBasketballS3YonseiUniversity_960x544_30fps_10bit_420.yuv,AV1,63,CBasketballS3YonseiUniversity_960x544_30fps_10bit_420_AV1_CRF63_.yuv,CBasketballS3YonseiUniversity_960x544_30fps_10bit_420_AV1_CRF63_.txt,32.48393538,38.97899389,40.05395241,0.933579953,5.744525391,56.51239016,544,960,64,69.2,12.9
CBubblesPitcherS1BVITexture_960x544_120fps_10bit_420.yuv,H264,31,CBubblesPitcherS1BVITexture_960x544_120fps_10bit_420_H264_CRF31_.yuv,CBubblesPitcherS1BVITexture_960x544_120fps_10bit_420_H264_CRF31_.txt,41.85326645,40.75710453,46.10567477,0.979348734,13.85253359,80.29136223,544,960,64,21.9,4.58
CBubblesPitcherS1BVITexture_960x544_120fps_10bit_420.yuv,H264,41,CBubblesPitcherS1BVITexture_960x544_120fps_10bit_420_H264_CRF41_.yuv,CBubblesPitcherS1BVITexture_960x544_120fps_10bit_420_H264_CRF41_.txt,36.64473002,38.57685708,42.37146834,0.951546641,10.43826681,46.04124348,544,960,64,21.9,4.58
CBubblesPitcherS1BVITexture_960x544_120fps_10bit_420.yuv,H264,51,CBubblesPitcherS1BVITexture_960x544_120fps_10bit_420_H264_CRF51_.yuv,CBubblesPitcherS1BVITexture_960x544_120fps_10bit_420_H264_CRF51_.txt,28.56187572,35.18963102,38.8708595,0.8920745,13.43708698,2.671245359,544,960,64,21.9,4.58
CBubblesPitcherS1BVITexture_960x544_120fps_10bit_420.yuv,H264,21,CBubblesPitcherS1BVITexture_960x544_120fps_10bit_420_H264_CRF21_.yuv,CBubblesPitcherS1BVITexture_960x544_120fps_10bit_420_H264_CRF21_.txt,45.65797705,43.25162477,48.98306288,0.990678125,6.683983469,93.44118617,544,960,64,21.9,4.58
CBubblesPitcherS1BVITexture_960x544_120fps_10bit_420.yuv,H265,31,CBubblesPitcherS1BVITexture_960x544_120fps_10bit_420_H265_CRF31_.yuv,CBubblesPitcherS1BVITexture_960x544_120fps_10bit_420_H265_CRF31_.txt,42.16282259,40.5655377,46.26219478,0.979083406,13.96288681,80.53785458,544,960,64,21.9,4.58
CBubblesPitcherS1BVITexture_960x544_120fps_10bit_420.yuv,H265,41,CBubblesPitcherS1BVITexture_960x544_120fps_10bit_420_H265_CRF41_.yuv,CBubblesPitcherS1BVITexture_960x544_120fps_10bit_420_H265_CRF41_.txt,37.49963258,37.93436988,43.01235798,0.955465906,13.17442705,48.01995661,544,960,64,21.9,4.58
CBubblesPitcherS1BVITexture_960x544_120fps_10bit_420.yuv,H265,51,CBubblesPitcherS1BVITexture_960x544_120fps_10bit_420_H265_CRF51_.yuv,CBubblesPitcherS1BVITexture_960x544_120fps_10bit_420_H265_CRF51_.txt,33.04642075,34.15679878,38.33352758,0.925902594,11.15145516,8.912496922,544,960,64,21.9,4.58
CBubblesPitcherS1BVITexture_960x544_120fps_10bit_420.yuv,H265,21,CBubblesPitcherS1BVITexture_960x544_120fps_10bit_420_H265_CRF21_.yuv,CBubblesPitcherS1BVITexture_960x544_120fps_10bit_420_H265_CRF21_.txt,45.61445153,43.08445158,49.28469859,0.99001875,8.250699047,92.93634077,544,960,64,21.9,4.58
CBubblesPitcherS1BVITexture_960x544_120fps_10bit_420.yuv,AV1,38,CBubblesPitcherS1BVITexture_960x544_120fps_10bit_420_AV1_CRF38_.yuv,CBubblesPitcherS1BVITexture_960x544_120fps_10bit_420_AV1_CRF38_.txt,43.7292363,42.23185692,49.20988867,0.984122953,17.41807558,85.67376653,544,960,64,21.9,4.58
CBubblesPitcherS1BVITexture_960x544_120fps_10bit_420.yuv,AV1,51,CBubblesPitcherS1BVITexture_960x544_120fps_10bit_420_AV1_CRF51_.yuv,CBubblesPitcherS1BVITexture_960x544_120fps_10bit_420_AV1_CRF51_.txt,41.4349417,41.03865402,47.82280881,0.974966047,16.92480064,73.19022655,544,960,64,21.9,4.58
CBubblesPitcherS1BVITexture_960x544_120fps_10bit_420.yuv,AV1,26,CBubblesPitcherS1BVITexture_960x544_120fps_10bit_420_AV1_CRF26_.yuv,CBubblesPitcherS1BVITexture_960x544_120fps_10bit_420_AV1_CRF26_.txt,45.53036747,43.26701506,50.27747728,0.989617203,16.76056758,92.41838552,544,960,64,21.9,4.58
CBubblesPitcherS1BVITexture_960x544_120fps_10bit_420.yuv,AV1,13,CBubblesPitcherS1BVITexture_960x544_120fps_10bit_420_AV1_CRF13_.yuv,CBubblesPitcherS1BVITexture_960x544_120fps_10bit_420_AV1_CRF13_.txt,46.88245264,44.17440603,51.17490856,0.99271975,13.70876163,95.70024873,544,960,64,21.9,4.58
CBubblesPitcherS1BVITexture_960x544_120fps_10bit_420.yuv,AV1,63,CBubblesPitcherS1BVITexture_960x544_120fps_10bit_420_AV1_CRF63_.yuv,CBubblesPitcherS1BVITexture_960x544_120fps_10bit_420_AV1_CRF63_.txt,37.9125678,39.02819469,44.67571394,0.957413781,15.5385482,47.59043005,544,960,64,21.9,4.58
CFireS71Mitch_960x544_24fps_10bit_420.yuv,H264,41,CFireS71Mitch_960x544_24fps_10bit_420_H264_CRF41_.yuv,CFireS71Mitch_960x544_24fps_10bit_420_H264_CRF41_.txt,30.66259658,37.99355903,36.97722058,0.91934775,5.697407969,51.09436766,544,960,64,63.2,54.1
CFireS71Mitch_960x544_24fps_10bit_420.yuv,H264,51,CFireS71Mitch_960x544_24fps_10bit_420_H264_CRF51_.yuv,CFireS71Mitch_960x544_24fps_10bit_420_H264_CRF51_.txt,24.81097252,33.51713938,32.53746319,0.785993797,8.470500297,20.74348816,544,960,64,63.2,54.1
CLakeYonseiUniversity_960x544_30fps_10bit_420.yuv,H265,51,CLakeYonseiUniversity_960x544_30fps_10bit_420_H265_CRF51_.yuv,CLakeYonseiUniversity_960x544_30fps_10bit_420_H265_CRF51_.txt,24.23453817,36.33158561,38.9252628,0.552976016,5.100761578,15.47921681,544,960,64,76.7,12.4
ClayBrickLowSpeedHighGran_300frames_1920x1080.yuv,H264,51,ClayBrickLowSpeedHighGran_300frames_1920x1080_H264_CRF51_.yuv,ClayBrickLowSpeedHighGran_300frames_1920x1080_H264_CRF51_.txt,27.26447219,39.97680354,40.50731365,0.608434353,6.712230033,8.476239213,1080,1920,300,52.1,9.11
CSGO_0.yuv,H264,41,CSGO_0_H264_CRF41_.yuv,CSGO_0_H264_CRF41_.txt,35.37739314,47.54508806,50.09714158,0.983018557,10.1873666,73.74655003,1080,1920,300,75.0,19.9
CSGO_0.yuv,H264,31,CSGO_0_H264_CRF31_.yuv,CSGO_0_H264_CRF31_.txt,43.46136695,53.47663455,54.97466265,0.99695089,13.57610915,93.02541738,1080,1920,300,75.0,19.9
CSGO_0.yuv,H264,21,CSGO_0_H264_CRF21_.yuv,CSGO_0_H264_CRF21_.txt,50.46702078,58.42476207,59.36849972,0.999186767,16.07304068,97.07624973,1080,1920,300,75.0,19.9
CSGO_0.yuv,H264,11,CSGO_0_H264_CRF11_.yuv,CSGO_0_H264_CRF11_.txt,54.15551767,59.65473746,59.92209092,0.99975033,5.763747643,97.57831714,1080,1920,300,75.0,19.9
CSGO_0.yuv,H265,51,CSGO_0_H265_CRF51_.yuv,CSGO_0_H265_CRF51_.txt,30.00849352,44.19987639,47.74961711,0.925056897,9.817433553,31.07431349,1080,1920,300,75.0,19.9
CSGO_0.yuv,H265,41,CSGO_0_H265_CRF41_.yuv,CSGO_0_H265_CRF41_.txt,37.36681086,48.98391273,52.49443371,0.988250413,10.47716598,77.7898778,1080,1920,300,75.0,19.9
CSGO_0.yuv,H265,31,CSGO_0_H265_CRF31_.yuv,CSGO_0_H265_CRF31_.txt,45.39425943,53.2441724,54.8959112,0.997120257,14.99892992,93.42332171,1080,1920,300,75.0,19.9
CSGO_0.yuv,H265,21,CSGO_0_H265_CRF21_.yuv,CSGO_0_H265_CRF21_.txt,50.87467744,58.8440608,59.41398385,0.998706253,15.50614114,96.63242986,1080,1920,300,75.0,19.9
CSGO_0.yuv,H265,11,CSGO_0_H265_CRF11_.yuv,CSGO_0_H265_CRF11_.txt,53.92939558,59.57249631,59.87706194,0.999502287,15.90350704,97.31058637,1080,1920,300,75.0,19.9
CSGO_0.yuv,H265,1,CSGO_0_H265_CRF1_.yuv,CSGO_0_H265_CRF1_.txt,57.005663,59.90072702,59.99889155,0.99986479,6.909451493,97.6313929,1080,1920,300,75.0,19.9
CSGO_0.yuv,AV1,63,CSGO_0_AV1_CRF63_.yuv,CSGO_0_AV1_CRF63_.txt,43.11848495,51.98975886,52.9146182,0.9958669,15.72341222,92.74315903,1080,1920,300,75.0,19.9
CSGO_0.yuv,AV1,51,CSGO_0_AV1_CRF51_.yuv,CSGO_0_AV1_CRF51_.txt,49.04742608,57.11327822,58.53873037,0.99833825,16.97731306,96.78823674,1080,1920,300,75.0,19.9
CSGO_0.yuv,AV1,38,CSGO_0_AV1_CRF38_.yuv,CSGO_0_AV1_CRF38_.txt,51.85441843,59.26977085,59.76452251,0.99902304,17.73674921,97.4300163,1080,1920,300,75.0,19.9
CSGO_0.yuv,AV1,26,CSGO_0_AV1_CRF26_.yuv,CSGO_0_AV1_CRF26_.txt,53.41977006,59.50701145,59.84848376,0.99933555,17.93371399,97.5276275,1080,1920,300,75.0,19.9
CSGO_0.yuv,AV1,13,CSGO_0_AV1_CRF13_.yuv,CSGO_0_AV1_CRF13_.txt,54.28888072,59.56160831,59.87529581,0.999496323,18.13427261,97.6002768,1080,1920,300,75.0,19.9
CSGO_0.yuv,AV1,1,CSGO_0_AV1_CRF1_.yuv,CSGO_0_AV1_CRF1_.txt,56.57777594,59.78165586,59.96641846,0.999795167,11.38378289,97.69162433,1080,1920,300,75.0,19.9
CSGO_11.yuv,H264,51,CSGO_11_H264_CRF51_.yuv,CSGO_11_H264_CRF51_.txt,27.73711013,38.54439625,38.59525561,0.786922927,5.044083143,17.59594918,1080,1920,300,70.8,28.1
CSGO_11.yuv,AV1,63,CSGO_11_AV1_CRF63_.yuv,CSGO_11_AV1_CRF63_.txt,35.56632423,43.49614506,43.25095461,0.934800213,6.27732661,63.40150836,1080,1920,300,70.8,28.1
DCrosswalkHongKongVidevo_480x272_25fps_10bit_420.yuv,H264,51,DCrosswalkHongKongVidevo_480x272_25fps_10bit_420_H264_CRF51_.yuv,DCrosswalkHongKongVidevo_480x272_25fps_10bit_420_H264_CRF51_.txt,23.42664159,33.45741811,32.48449383,0.631694828,5.260523266,8.783029203,272,480,64,78.8,20.0
DDrivingPOVHarmonics_480x272_60fps_10bit_420.yuv,AV1,63,DDrivingPOVHarmonics_480x272_60fps_10bit_420_AV1_CRF63_.yuv,DDrivingPOVHarmonics_480x272_60fps_10bit_420_AV1_CRF63_.txt,29.60637925,37.55113345,40.08401283,0.889094109,5.224090016,74.47521491,272,480,64,115.0,11.5
DFireS18Mitch_480x272_24fps_10bit_420.yuv,H264,51,DFireS18Mitch_480x272_24fps_10bit_420_H264_CRF51_.yuv,DFireS18Mitch_480x272_24fps_10bit_420_H264_CRF51_.txt,23.04572239,31.73340519,30.90737328,0.738241953,6.2375905,18.15248013,272,480,64,77.5,57.5
DFireS18Mitch_480x272_24fps_10bit_420.yuv,H264,41,DFireS18Mitch_480x272_24fps_10bit_420_H264_CRF41_.yuv,DFireS18Mitch_480x272_24fps_10bit_420_H264_CRF41_.txt,28.83323881,36.1351787,35.34870708,0.86594275,5.274869516,48.32803291,272,480,64,77.5,57.5
DFireS71Mitch_480x272_24fps_10bit_420.yuv,H264,41,DFireS71Mitch_480x272_24fps_10bit_420_H264_CRF41_.yuv,DFireS71Mitch_480x272_24fps_10bit_420_H264_CRF41_.txt,26.82919005,34.96852152,34.24262183,0.840668063,5.886785781,42.88623544,272,480,64,99.9,54.2
DFireS71Mitch_480x272_24fps_10bit_420.yuv,H264,51,DFireS71Mitch_480x272_24fps_10bit_420_H264_CRF51_.yuv,DFireS71Mitch_480x272_24fps_10bit_420_H264_CRF51_.txt,21.65803463,31.02156836,30.44941902,0.713051062,9.300691656,10.16852614,272,480,64,99.9,54.2
DGrazTowerIRIS_480x272_24fps_10bit_420.yuv,H264,21,DGrazTowerIRIS_480x272_24fps_10bit_420_H264_CRF21_.yuv,DGrazTowerIRIS_480x272_24fps_10bit_420_H264_CRF21_.txt,40.1115197,43.18167555,47.23983689,0.984426172,6.380305234,97.33028492,272,480,64,101.0,18.6
DGrazTowerIRIS_480x272_24fps_10bit_420.yuv,H264,31,DGrazTowerIRIS_480x272_24fps_10bit_420_H264_CRF31_.yuv,DGrazTowerIRIS_480x272_24fps_10bit_420_H264_CRF31_.txt,32.70011761,39.19599866,44.7327212,0.92568475,6.181016594,87.68448623,272,480,64,101.0,18.6
DGrazTowerIRIS_480x272_24fps_10bit_420.yuv,H264,41,DGrazTowerIRIS_480x272_24fps_10bit_420_H264_CRF41_.yuv,DGrazTowerIRIS_480x272_24fps_10bit_420_H264_CRF41_.txt,26.89152547,36.99932964,42.40135469,0.751235375,5.325435313,55.25080303,272,480,64,101.0,18.6
DGrazTowerIRIS_480x272_24fps_10bit_420.yuv,H265,21,DGrazTowerIRIS_480x272_24fps_10bit_420_H265_CRF21_.yuv,DGrazTowerIRIS_480x272_24fps_10bit_420_H265_CRF21_.txt,41.86003816,44.49947889,47.93947002,0.988754031,5.326195859,98.43454402,272,480,64,101.0,18.6
DGrazTowerIRIS_480x272_24fps_10bit_420.yuv,H265,41,DGrazTowerIRIS_480x272_24fps_10bit_420_H265_CRF41_.yuv,DGrazTowerIRIS_480x272_24fps_10bit_420_H265_CRF41_.txt,27.78805531,36.53948522,42.30801248,0.794886672,5.338880734,61.98300503,272,480,64,101.0,18.6
DGrazTowerIRIS_480x272_24fps_10bit_420.yuv,AV1,38,DGrazTowerIRIS_480x272_24fps_10bit_420_AV1_CRF38_.yuv,DGrazTowerIRIS_480x272_24fps_10bit_420_AV1_CRF38_.txt,38.93370997,45.57430261,48.74690723,0.981263031,7.253151281,97.38087344,272,480,64,101.0,18.6
DGrazTowerIRIS_480x272_24fps_10bit_420.yuv,AV1,51,DGrazTowerIRIS_480x272_24fps_10bit_420_AV1_CRF51_.yuv,DGrazTowerIRIS_480x272_24fps_10bit_420_AV1_CRF51_.txt,36.23466536,42.74302413,46.65142003,0.964298703,7.081209484,94.51803914,272,480,64,101.0,18.6
DGrazTowerIRIS_480x272_24fps_10bit_420.yuv,AV1,63,DGrazTowerIRIS_480x272_24fps_10bit_420_AV1_CRF63_.yuv,DGrazTowerIRIS_480x272_24fps_10bit_420_AV1_CRF63_.txt,30.05770698,37.77710913,43.04711588,0.857878172,6.397450891,76.96081227,272,480,64,101.0,18.6
DMuralPaintingVidevo_480x272_25fps_10bit_420.yuv,H264,51,DMuralPaintingVidevo_480x272_25fps_10bit_420_H264_CRF51_.yuv,DMuralPaintingVidevo_480x272_25fps_10bit_420_H264_CRF51_.txt,25.33621958,34.70878536,37.0280657,0.623148516,5.844814422,5.117543906,272,480,64,47.6,12.7
Dolby_Amaze_Lossless-ATMOS-thedigitaltheater_10.yuv,H264,41,Dolby_Amaze_Lossless-ATMOS-thedigitaltheater_10_H264_CRF41_.yuv,Dolby_Amaze_Lossless-ATMOS-thedigitaltheater_10_H264_CRF41_.txt,34.49037583,43.46931491,42.22344509,0.920817008,9.458273192,47.75378906,1080,1920,120,45.1,10.3
Dolby_Amaze_Lossless-ATMOS-thedigitaltheater_10.yuv,H265,51,Dolby_Amaze_Lossless-ATMOS-thedigitaltheater_10_H265_CRF51_.yuv,Dolby_Amaze_Lossless-ATMOS-thedigitaltheater_10_H265_CRF51_.txt,30.52436391,38.96097817,37.69515162,0.841998083,6.008451358,27.03621818,1080,1920,120,45.1,10.3
Dolby_Amaze_Lossless-ATMOS-thedigitaltheater_10.yuv,H265,41,Dolby_Amaze_Lossless-ATMOS-thedigitaltheater_10_H265_CRF41_.yuv,Dolby_Amaze_Lossless-ATMOS-thedigitaltheater_10_H265_CRF41_.txt,35.46401628,42.07569576,40.69869582,0.929681325,5.136746517,53.28823049,1080,1920,120,45.1,10.3
Dolby_Amaze_Lossless-ATMOS-thedigitaltheater_10.yuv,AV1,63,Dolby_Amaze_Lossless-ATMOS-thedigitaltheater_10_AV1_CRF63_.yuv,Dolby_Amaze_Lossless-ATMOS-thedigitaltheater_10_AV1_CRF63_.txt,34.12369053,42.06342217,40.4483117,0.907215417,7.585143533,48.22631661,1080,1920,120,45.1,10.3
Dolby_Atmos_Natures_Fury_1920x1080_ATMOS_71-thedigitaltheater_13.yuv,H264,51,Dolby_Atmos_Natures_Fury_1920x1080_ATMOS_71-thedigitaltheater_13_H264_CRF51_.yuv,Dolby_Atmos_Natures_Fury_1920x1080_ATMOS_71-thedigitaltheater_13_H264_CRF51_.txt,29.39164416,41.26569206,36.29945441,0.827113333,8.371604758,15.66932553,1080,1920,120,33.5,25.9
Dolby_Atmos_Natures_Fury_1920x1080_ATMOS_71-thedigitaltheater_13.yuv,H264,41,Dolby_Atmos_Natures_Fury_1920x1080_ATMOS_71-thedigitaltheater_13_H264_CRF41_.yuv,Dolby_Atmos_Natures_Fury_1920x1080_ATMOS_71-thedigitaltheater_13_H264_CRF41_.txt,34.36784361,44.65472678,41.79679132,0.880218583,7.416105783,28.59370735,1080,1920,120,33.5,25.9
Dolby_Atmos_Natures_Fury_1920x1080_ATMOS_71-thedigitaltheater_13.yuv,H264,31,Dolby_Atmos_Natures_Fury_1920x1080_ATMOS_71-thedigitaltheater_13_H264_CRF31_.yuv,Dolby_Atmos_Natures_Fury_1920x1080_ATMOS_71-thedigitaltheater_13_H264_CRF31_.txt,40.20425819,49.92560028,46.41896569,0.974375208,5.233588817,75.93207141,1080,1920,120,33.5,25.9
Dolby_Atmos_Natures_Fury_1920x1080_ATMOS_71-thedigitaltheater_13.yuv,H265,51,Dolby_Atmos_Natures_Fury_1920x1080_ATMOS_71-thedigitaltheater_13_H265_CRF51_.yuv,Dolby_Atmos_Natures_Fury_1920x1080_ATMOS_71-thedigitaltheater_13_H265_CRF51_.txt,33.11814803,42.31936963,37.69589823,0.861061308,7.1269601,15.66556601,1080,1920,120,33.5,25.9
Dolby_Atmos_Natures_Fury_1920x1080_ATMOS_71-thedigitaltheater_13.yuv,AV1,63,Dolby_Atmos_Natures_Fury_1920x1080_ATMOS_71-thedigitaltheater_13_AV1_CRF63_.yuv,Dolby_Atmos_Natures_Fury_1920x1080_ATMOS_71-thedigitaltheater_13_AV1_CRF63_.txt,35.3835481,44.52183712,41.69850995,0.897518517,10.05330026,26.52860416,1080,1920,120,33.5,25.9
Dolby_Atmos_Natures_Fury_1920x1080_ATMOS_71-thedigitaltheater_13.yuv,AV1,51,Dolby_Atmos_Natures_Fury_1920x1080_ATMOS_71-thedigitaltheater_13_AV1_CRF51_.yuv,Dolby_Atmos_Natures_Fury_1920x1080_ATMOS_71-thedigitaltheater_13_AV1_CRF51_.txt,39.01415851,49.52824799,45.17050148,0.960467708,5.603061133,64.40873763,1080,1920,120,33.5,25.9
Dolby_Atmos_Natures_Fury_1920x1080_ATMOS_71-thedigitaltheater_3.yuv,H264,31,Dolby_Atmos_Natures_Fury_1920x1080_ATMOS_71-thedigitaltheater_3_H264_CRF31_.yuv,Dolby_Atmos_Natures_Fury_1920x1080_ATMOS_71-thedigitaltheater_3_H264_CRF31_.txt,44.11072375,47.6354971,48.8577231,0.996801217,17.5600587,90.04465827,1080,1920,120,66.7,42.4
Dolby_Atmos_Natures_Fury_1920x1080_ATMOS_71-thedigitaltheater_3.yuv,H264,41,Dolby_Atmos_Natures_Fury_1920x1080_ATMOS_71-thedigitaltheater_3_H264_CRF41_.yuv,Dolby_Atmos_Natures_Fury_1920x1080_ATMOS_71-thedigitaltheater_3_H264_CRF41_.txt,37.61916657,44.50999505,46.16217764,0.982686233,13.54441358,75.14158488,1080,1920,120,66.7,42.4
Dolby_Atmos_Natures_Fury_1920x1080_ATMOS_71-thedigitaltheater_3.yuv,H264,51,Dolby_Atmos_Natures_Fury_1920x1080_ATMOS_71-thedigitaltheater_3_H264_CRF51_.yuv,Dolby_Atmos_Natures_Fury_1920x1080_ATMOS_71-thedigitaltheater_3_H264_CRF51_.txt,30.48729757,39.62511284,40.87117976,0.888511942,6.119883667,41.3419081,1080,1920,120,66.7,42.4
Dolby_Atmos_Natures_Fury_1920x1080_ATMOS_71-thedigitaltheater_3.yuv,H265,31,Dolby_Atmos_Natures_Fury_1920x1080_ATMOS_71-thedigitaltheater_3_H265_CRF31_.yuv,Dolby_Atmos_Natures_Fury_1920x1080_ATMOS_71-thedigitaltheater_3_H265_CRF31_.txt,43.51984247,47.00702736,48.39084113,0.995568517,6.41688955,89.49586985,1080,1920,120,66.7,42.4
Dolby_Atmos_Natures_Fury_1920x1080_ATMOS_71-thedigitaltheater_3.yuv,H265,41,Dolby_Atmos_Natures_Fury_1920x1080_ATMOS_71-thedigitaltheater_3_H265_CRF41_.yuv,Dolby_Atmos_Natures_Fury_1920x1080_ATMOS_71-thedigitaltheater_3_H265_CRF41_.txt,37.24300776,43.24575182,45.67131733,0.975818467,10.86901178,81.29879982,1080,1920,120,66.7,42.4
Dolby_Atmos_Natures_Fury_1920x1080_ATMOS_71-thedigitaltheater_3.yuv,H265,51,Dolby_Atmos_Natures_Fury_1920x1080_ATMOS_71-thedigitaltheater_3_H265_CRF51_.yuv,Dolby_Atmos_Natures_Fury_1920x1080_ATMOS_71-thedigitaltheater_3_H265_CRF51_.txt,31.71917476,39.11819783,40.42181646,0.904274092,11.94029807,47.76714906,1080,1920,120,66.7,42.4
Dolby_Atmos_Natures_Fury_1920x1080_ATMOS_71-thedigitaltheater_3.yuv,AV1,63,Dolby_Atmos_Natures_Fury_1920x1080_ATMOS_71-thedigitaltheater_3_AV1_CRF63_.yuv,Dolby_Atmos_Natures_Fury_1920x1080_ATMOS_71-thedigitaltheater_3_AV1_CRF63_.txt,40.40783411,46.02710582,48.30285291,0.989369392,13.0713022,81.25881822,1080,1920,120,66.7,42.4
Dolby_Atmos_Natures_Fury_1920x1080_ATMOS_71-thedigitaltheater_3.yuv,AV1,51,Dolby_Atmos_Natures_Fury_1920x1080_ATMOS_71-thedigitaltheater_3_AV1_CRF51_.yuv,Dolby_Atmos_Natures_Fury_1920x1080_ATMOS_71-thedigitaltheater_3_AV1_CRF51_.txt,47.25133945,50.65619652,51.67433058,0.997431767,5.89719175,91.07486832,1080,1920,120,66.7,42.4
Dolby_Atmos_Natures_Fury_1920x1080_ATMOS_71-thedigitaltheater_4.yuv,H264,41,Dolby_Atmos_Natures_Fury_1920x1080_ATMOS_71-thedigitaltheater_4_H264_CRF41_.yuv,Dolby_Atmos_Natures_Fury_1920x1080_ATMOS_71-thedigitaltheater_4_H264_CRF41_.txt,36.38160253,42.91294639,43.10892532,0.9606899,10.77933825,52.66521459,1080,1920,120,42.1,33.5
Dolby_Atmos_Natures_Fury_1920x1080_ATMOS_71-thedigitaltheater_4.yuv,H264,51,Dolby_Atmos_Natures_Fury_1920x1080_ATMOS_71-thedigitaltheater_4_H264_CRF51_.yuv,Dolby_Atmos_Natures_Fury_1920x1080_ATMOS_71-thedigitaltheater_4_H264_CRF51_.txt,29.75461213,39.62082897,38.14868655,0.838323183,5.262607492,5.287880583,1080,1920,120,42.1,33.5
Dolby_Atmos_Natures_Fury_1920x1080_ATMOS_71-thedigitaltheater_4.yuv,H264,21,Dolby_Atmos_Natures_Fury_1920x1080_ATMOS_71-thedigitaltheater_4_H264_CRF21_.yuv,Dolby_Atmos_Natures_Fury_1920x1080_ATMOS_71-thedigitaltheater_4_H264_CRF21_.txt,49.60065446,51.31088728,51.44939398,0.998913517,10.90818641,97.04077263,1080,1920,120,42.1,33.5
Dolby_Atmos_Natures_Fury_1920x1080_ATMOS_71-thedigitaltheater_4.yuv,H264,31,Dolby_Atmos_Natures_Fury_1920x1080_ATMOS_71-thedigitaltheater_4_H264_CRF31_.yuv,Dolby_Atmos_Natures_Fury_1920x1080_ATMOS_71-thedigitaltheater_4_H264_CRF31_.txt,42.79363355,46.24880225,47.14753719,0.992759183,13.822941,86.29280864,1080,1920,120,42.1,33.5
Dolby_Atmos_Natures_Fury_1920x1080_ATMOS_71-thedigitaltheater_4.yuv,H264,11,Dolby_Atmos_Natures_Fury_1920x1080_ATMOS_71-thedigitaltheater_4_H264_CRF11_.yuv,Dolby_Atmos_Natures_Fury_1920x1080_ATMOS_71-thedigitaltheater_4_H264_CRF11_.txt,55.89349958,56.70212019,56.66273108,0.999834167,7.688701108,99.30050624,1080,1920,120,42.1,33.5
Dolby_Atmos_Natures_Fury_1920x1080_ATMOS_71-thedigitaltheater_4.yuv,H264,1,Dolby_Atmos_Natures_Fury_1920x1080_ATMOS_71-thedigitaltheater_4_H264_CRF1_.yuv,Dolby_Atmos_Natures_Fury_1920x1080_ATMOS_71-thedigitaltheater_4_H264_CRF1_.txt,60.0,60.0,60.0,0.999985475,7.613598983,99.54092023,1080,1920,120,42.1,33.5
Dolby_Atmos_Natures_Fury_1920x1080_ATMOS_71-thedigitaltheater_4.yuv,H265,51,Dolby_Atmos_Natures_Fury_1920x1080_ATMOS_71-thedigitaltheater_4_H265_CRF51_.yuv,Dolby_Atmos_Natures_Fury_1920x1080_ATMOS_71-thedigitaltheater_4_H265_CRF51_.txt,31.39996773,38.86830969,38.44410016,0.853180283,6.143819942,5.047699142,1080,1920,120,42.1,33.5
Dolby_Atmos_Natures_Fury_1920x1080_ATMOS_71-thedigitaltheater_4.yuv,H265,41,Dolby_Atmos_Natures_Fury_1920x1080_ATMOS_71-thedigitaltheater_4_H265_CRF41_.yuv,Dolby_Atmos_Natures_Fury_1920x1080_ATMOS_71-thedigitaltheater_4_H265_CRF41_.txt,36.80645493,42.45041376,42.96186492,0.961571933,9.724135733,56.44054479,1080,1920,120,42.1,33.5
Dolby_Atmos_Natures_Fury_1920x1080_ATMOS_71-thedigitaltheater_4.yuv,H265,31,Dolby_Atmos_Natures_Fury_1920x1080_ATMOS_71-thedigitaltheater_4_H265_CRF31_.yuv,Dolby_Atmos_Natures_Fury_1920x1080_ATMOS_71-thedigitaltheater_4_H265_CRF31_.txt,43.64380558,45.68380058,46.35665677,0.994696175,11.55919593,90.00579817,1080,1920,120,42.1,33.5
Dolby_Atmos_Natures_Fury_1920x1080_ATMOS_71-thedigitaltheater_4.yuv,H265,21,Dolby_Atmos_Natures_Fury_1920x1080_ATMOS_71-thedigitaltheater_4_H265_CRF21_.yuv,Dolby_Atmos_Natures_Fury_1920x1080_ATMOS_71-thedigitaltheater_4_H265_CRF21_.txt,49.67440836,50.92048662,50.91025713,0.99871585,11.14417188,97.55273677,1080,1920,120,42.1,33.5
Dolby_Atmos_Natures_Fury_1920x1080_ATMOS_71-thedigitaltheater_4.yuv,H265,11,Dolby_Atmos_Natures_Fury_1920x1080_ATMOS_71-thedigitaltheater_4_H265_CRF11_.yuv,Dolby_Atmos_Natures_Fury_1920x1080_ATMOS_71-thedigitaltheater_4_H265_CRF11_.txt,54.7899351,55.74123618,55.72203679,0.999676775,8.640176733,99.05038869,1080,1920,120,42.1,33.5
Dolby_Atmos_Natures_Fury_1920x1080_ATMOS_71-thedigitaltheater_4.yuv,H265,1,Dolby_Atmos_Natures_Fury_1920x1080_ATMOS_71-thedigitaltheater_4_H265_CRF1_.yuv,Dolby_Atmos_Natures_Fury_1920x1080_ATMOS_71-thedigitaltheater_4_H265_CRF1_.txt,59.8969551,59.98084329,60.0,0.999965858,7.659255467,99.49235473,1080,1920,120,42.1,33.5
Dolby_Atmos_Natures_Fury_1920x1080_ATMOS_71-thedigitaltheater_4.yuv,AV1,63,Dolby_Atmos_Natures_Fury_1920x1080_ATMOS_71-thedigitaltheater_4_AV1_CRF63_.yuv,Dolby_Atmos_Natures_Fury_1920x1080_ATMOS_71-thedigitaltheater_4_AV1_CRF63_.txt,38.61716417,43.15694011,42.47404285,0.97788055,12.82249174,75.04792087,1080,1920,120,42.1,33.5
Dolby_Atmos_Natures_Fury_1920x1080_ATMOS_71-thedigitaltheater_4.yuv,AV1,51,Dolby_Atmos_Natures_Fury_1920x1080_ATMOS_71-thedigitaltheater_4_AV1_CRF51_.yuv,Dolby_Atmos_Natures_Fury_1920x1080_ATMOS_71-thedigitaltheater_4_AV1_CRF51_.txt,43.97003328,46.97575188,47.04623062,0.9937472,14.38213496,92.0755333,1080,1920,120,42.1,33.5
Dolby_Atmos_Natures_Fury_1920x1080_ATMOS_71-thedigitaltheater_4.yuv,AV1,38,Dolby_Atmos_Natures_Fury_1920x1080_ATMOS_71-thedigitaltheater_4_AV1_CRF38_.yuv,Dolby_Atmos_Natures_Fury_1920x1080_ATMOS_71-thedigitaltheater_4_AV1_CRF38_.txt,47.18053154,49.39285756,49.17886526,0.996858667,12.41105643,95.67157018,1080,1920,120,42.1,33.5
Dolby_Atmos_Natures_Fury_1920x1080_ATMOS_71-thedigitaltheater_4.yuv,AV1,26,Dolby_Atmos_Natures_Fury_1920x1080_ATMOS_71-thedigitaltheater_4_AV1_CRF26_.yuv,Dolby_Atmos_Natures_Fury_1920x1080_ATMOS_71-thedigitaltheater_4_AV1_CRF26_.txt,49.8569897,51.37096572,51.10169761,0.998290008,12.17346516,97.55369047,1080,1920,120,42.1,33.5
Dolby_Atmos_Natures_Fury_1920x1080_ATMOS_71-thedigitaltheater_4.yuv,AV1,13,Dolby_Atmos_Natures_Fury_1920x1080_ATMOS_71-thedigitaltheater_4_AV1_CRF13_.yuv,Dolby_Atmos_Natures_Fury_1920x1080_ATMOS_71-thedigitaltheater_4_AV1_CRF13_.txt,52.1888061,53.42430622,53.09343273,0.999172458,12.15887319,98.72244648,1080,1920,120,42.1,33.5
Dolby_Atmos_Natures_Fury_1920x1080_ATMOS_71-thedigitaltheater_4.yuv,AV1,1,Dolby_Atmos_Natures_Fury_1920x1080_ATMOS_71-thedigitaltheater_4_AV1_CRF1_.yuv,Dolby_Atmos_Natures_Fury_1920x1080_ATMOS_71-thedigitaltheater_4_AV1_CRF1_.txt,59.55124526,59.69146367,59.8620968,0.999932783,7.819298217,99.52346862,1080,1920,120,42.1,33.5
Dolby_Atmos_Natures_Fury_1920x1080_ATMOS_71-thedigitaltheater_7.yuv,H264,41,Dolby_Atmos_Natures_Fury_1920x1080_ATMOS_71-thedigitaltheater_7_H264_CRF41_.yuv,Dolby_Atmos_Natures_Fury_1920x1080_ATMOS_71-thedigitaltheater_7_H264_CRF41_.txt,34.49484724,42.2007769,41.35483175,0.932000208,6.618735508,52.59245091,1080,1920,120,47.7,59.9
Dolby_Atmos_Natures_Fury_1920x1080_ATMOS_71-thedigitaltheater_7.yuv,H264,31,Dolby_Atmos_Natures_Fury_1920x1080_ATMOS_71-thedigitaltheater_7_H264_CRF31_.yuv,Dolby_Atmos_Natures_Fury_1920x1080_ATMOS_71-thedigitaltheater_7_H264_CRF31_.txt,40.51350798,45.60794885,44.90082578,0.988877858,8.348697483,91.62375055,1080,1920,120,47.7,59.9
Dolby_Atmos_Natures_Fury_1920x1080_ATMOS_71-thedigitaltheater_7.yuv,H264,21,Dolby_Atmos_Natures_Fury_1920x1080_ATMOS_71-thedigitaltheater_7_H264_CRF21_.yuv,Dolby_Atmos_Natures_Fury_1920x1080_ATMOS_71-thedigitaltheater_7_H264_CRF21_.txt,47.12346788,49.50424488,49.20580719,0.9983268,6.036901483,98.96357195,1080,1920,120,47.7,59.9
Dolby_Atmos_Natures_Fury_1920x1080_ATMOS_71-thedigitaltheater_7.yuv,H264,11,Dolby_Atmos_Natures_Fury_1920x1080_ATMOS_71-thedigitaltheater_7_H264_CRF11_.yuv,Dolby_Atmos_Natures_Fury_1920x1080_ATMOS_71-thedigitaltheater_7_H264_CRF11_.txt,53.79519762,55.17355814,55.03165768,0.999761867,5.035404275,99.69302016,1080,1920,120,47.7,59.9
Dolby_Atmos_Natures_Fury_1920x1080_ATMOS_71-thedigitaltheater_7.yuv,H265,41,Dolby_Atmos_Natures_Fury_1920x1080_ATMOS_71-thedigitaltheater_7_H265_CRF41_.yuv,Dolby_Atmos_Natures_Fury_1920x1080_ATMOS_71-thedigitaltheater_7_H265_CRF41_.txt,35.26374098,41.54911455,40.362589,0.939671883,5.649884842,58.08832826,1080,1920,120,47.7,59.9
Dolby_Atmos_Natures_Fury_1920x1080_ATMOS_71-thedigitaltheater_7.yuv,H265,31,Dolby_Atmos_Natures_Fury_1920x1080_ATMOS_71-thedigitaltheater_7_H265_CRF31_.yuv,Dolby_Atmos_Natures_Fury_1920x1080_ATMOS_71-thedigitaltheater_7_H265_CRF31_.txt,41.3112763,44.77409903,44.01532833,0.989470467,6.224578358,93.42919006,1080,1920,120,47.7,59.9
Dolby_Atmos_Natures_Fury_1920x1080_ATMOS_71-thedigitaltheater_7.yuv,H265,21,Dolby_Atmos_Natures_Fury_1920x1080_ATMOS_71-thedigitaltheater_7_H265_CRF21_.yuv,Dolby_Atmos_Natures_Fury_1920x1080_ATMOS_71-thedigitaltheater_7_H265_CRF21_.txt,47.37508107,49.27728828,48.87435268,0.99794865,5.510810192,98.91258108,1080,1920,120,47.7,59.9
Dolby_Atmos_Natures_Fury_1920x1080_ATMOS_71-thedigitaltheater_7.yuv,H265,11,Dolby_Atmos_Natures_Fury_1920x1080_ATMOS_71-thedigitaltheater_7_H265_CRF11_.yuv,Dolby_Atmos_Natures_Fury_1920x1080_ATMOS_71-thedigitaltheater_7_H265_CRF11_.txt,53.06941154,54.59362807,54.3763626,0.999579933,5.308458417,99.61942237,1080,1920,120,47.7,59.9
Dolby_Atmos_Natures_Fury_1920x1080_ATMOS_71-thedigitaltheater_7.yuv,AV1,63,Dolby_Atmos_Natures_Fury_1920x1080_ATMOS_71-thedigitaltheater_7_AV1_CRF63_.yuv,Dolby_Atmos_Natures_Fury_1920x1080_ATMOS_71-thedigitaltheater_7_AV1_CRF63_.txt,34.34325343,39.41718403,38.22377406,0.922735508,5.404949458,50.04275957,1080,1920,120,47.7,59.9
Dolby_Atmos_Natures_Fury_1920x1080_ATMOS_71-thedigitaltheater_7.yuv,AV1,51,Dolby_Atmos_Natures_Fury_1920x1080_ATMOS_71-thedigitaltheater_7_AV1_CRF51_.yuv,Dolby_Atmos_Natures_Fury_1920x1080_ATMOS_71-thedigitaltheater_7_AV1_CRF51_.txt,39.04824154,43.85199638,42.84273867,0.974047542,7.676112475,82.28607918,1080,1920,120,47.7,59.9
Dolby_Atmos_Natures_Fury_1920x1080_ATMOS_71-thedigitaltheater_7.yuv,AV1,38,Dolby_Atmos_Natures_Fury_1920x1080_ATMOS_71-thedigitaltheater_7_AV1_CRF38_.yuv,Dolby_Atmos_Natures_Fury_1920x1080_ATMOS_71-thedigitaltheater_7_AV1_CRF38_.txt,42.77210675,46.52481361,45.92645569,0.991037475,6.823506967,96.50214986,1080,1920,120,47.7,59.9
Dolby_Atmos_Natures_Fury_1920x1080_ATMOS_71-thedigitaltheater_7.yuv,AV1,26,Dolby_Atmos_Natures_Fury_1920x1080_ATMOS_71-thedigitaltheater_7_AV1_CRF26_.yuv,Dolby_Atmos_Natures_Fury_1920x1080_ATMOS_71-thedigitaltheater_7_AV1_CRF26_.txt,46.37404608,48.90634381,48.56768409,0.996912508,6.223324592,98.81741385,1080,1920,120,47.7,59.9
Dolby_Atmos_Natures_Fury_1920x1080_ATMOS_71-thedigitaltheater_7.yuv,AV1,13,Dolby_Atmos_Natures_Fury_1920x1080_ATMOS_71-thedigitaltheater_7_AV1_CRF13_.yuv,Dolby_Atmos_Natures_Fury_1920x1080_ATMOS_71-thedigitaltheater_7_AV1_CRF13_.txt,49.77663453,51.1243777,50.93925098,0.998826608,6.444769458,99.41868339,1080,1920,120,47.7,59.9
Dolby_Atmos_Natures_Fury_1920x1080_ATMOS_71-thedigitaltheater_7.yuv,AV1,1,Dolby_Atmos_Natures_Fury_1920x1080_ATMOS_71-thedigitaltheater_7_AV1_CRF1_.yuv,Dolby_Atmos_Natures_Fury_1920x1080_ATMOS_71-thedigitaltheater_7_AV1_CRF1_.txt,58.4796516,59.02011058,58.87044935,0.9998987,5.03670705,99.8052688,1080,1920,120,47.7,59.9
Dolby_Atmos_Natures_Fury_1920x1080_ATMOS_71-thedigitaltheater_9.yuv,H264,51,Dolby_Atmos_Natures_Fury_1920x1080_ATMOS_71-thedigitaltheater_9_H264_CRF51_.yuv,Dolby_Atmos_Natures_Fury_1920x1080_ATMOS_71-thedigitaltheater_9_H264_CRF51_.txt,30.80533733,38.34402221,35.94613727,0.841027408,7.230369342,8.787408508,1080,1920,120,42.2,7.04
Dolby_Atmos_Natures_Fury_1920x1080_ATMOS_71-thedigitaltheater_9.yuv,H264,31,Dolby_Atmos_Natures_Fury_1920x1080_ATMOS_71-thedigitaltheater_9_H264_CRF31_.yuv,Dolby_Atmos_Natures_Fury_1920x1080_ATMOS_71-thedigitaltheater_9_H264_CRF31_.txt,43.33635205,47.03370885,44.38880318,0.996235458,17.34883704,87.30741489,1080,1920,120,42.2,7.04
Dolby_Atmos_Natures_Fury_1920x1080_ATMOS_71-thedigitaltheater_9.yuv,H264,41,Dolby_Atmos_Natures_Fury_1920x1080_ATMOS_71-thedigitaltheater_9_H264_CRF41_.yuv,Dolby_Atmos_Natures_Fury_1920x1080_ATMOS_71-thedigitaltheater_9_H264_CRF41_.txt,37.39239181,43.82211847,40.23238646,0.975220042,14.24512163,61.77395017,1080,1920,120,42.2,7.04
Dolby_Atmos_Natures_Fury_1920x1080_ATMOS_71-thedigitaltheater_9.yuv,H265,51,Dolby_Atmos_Natures_Fury_1920x1080_ATMOS_71-thedigitaltheater_9_H265_CRF51_.yuv,Dolby_Atmos_Natures_Fury_1920x1080_ATMOS_71-thedigitaltheater_9_H265_CRF51_.txt,31.13669008,38.60226473,34.48540063,0.835352175,9.953296017,7.482255575,1080,1920,120,42.2,7.04
Dolby_Atmos_Natures_Fury_1920x1080_ATMOS_71-thedigitaltheater_9.yuv,H265,31,Dolby_Atmos_Natures_Fury_1920x1080_ATMOS_71-thedigitaltheater_9_H265_CRF31_.yuv,Dolby_Atmos_Natures_Fury_1920x1080_ATMOS_71-thedigitaltheater_9_H265_CRF31_.txt,43.3151213,46.77112425,43.98071269,0.995337067,6.770908717,86.35078998,1080,1920,120,42.2,7.04
Dolby_Atmos_Natures_Fury_1920x1080_ATMOS_71-thedigitaltheater_9.yuv,H265,41,Dolby_Atmos_Natures_Fury_1920x1080_ATMOS_71-thedigitaltheater_9_H265_CRF41_.yuv,Dolby_Atmos_Natures_Fury_1920x1080_ATMOS_71-thedigitaltheater_9_H265_CRF41_.txt,37.12623444,42.53668615,38.97260708,0.965563158,9.073585333,61.37297639,1080,1920,120,42.2,7.04
Dolby_Atmos_Natures_Fury_1920x1080_ATMOS_71-thedigitaltheater_9.yuv,AV1,63,Dolby_Atmos_Natures_Fury_1920x1080_ATMOS_71-thedigitaltheater_9_AV1_CRF63_.yuv,Dolby_Atmos_Natures_Fury_1920x1080_ATMOS_71-thedigitaltheater_9_AV1_CRF63_.txt,38.65615648,44.22355543,39.24272668,0.980530258,12.29689521,68.78015791,1080,1920,120,42.2,7.04
Dolby_Atmos_Natures_Fury_1920x1080_ATMOS_71-thedigitaltheater_9.yuv,AV1,51,Dolby_Atmos_Natures_Fury_1920x1080_ATMOS_71-thedigitaltheater_9_AV1_CRF51_.yuv,Dolby_Atmos_Natures_Fury_1920x1080_ATMOS_71-thedigitaltheater_9_AV1_CRF51_.txt,44.25363769,47.82867659,44.97891756,0.995824817,10.77052561,87.49713202,1080,1920,120,42.2,7.04
Dolby_Atmos_Natures_Fury_1920x1080_ATMOS_71-thedigitaltheater_9.yuv,AV1,38,Dolby_Atmos_Natures_Fury_1920x1080_ATMOS_71-thedigitaltheater_9_AV1_CRF38_.yuv,Dolby_Atmos_Natures_Fury_1920x1080_ATMOS_71-thedigitaltheater_9_AV1_CRF38_.txt,48.2479877,50.43712255,48.48488153,0.998107708,6.484902683,92.86485982,1080,1920,120,42.2,7.04
DOLBY_ATMOS_UNFOLD_2_FEEL_EVERY_DIMENSION_LOSSLESS-thedigitaltheater_3.yuv,H264,41,DOLBY_ATMOS_UNFOLD_2_FEEL_EVERY_DIMENSION_LOSSLESS-thedigitaltheater_3_H264_CRF41_.yuv,DOLBY_ATMOS_UNFOLD_2_FEEL_EVERY_DIMENSION_LOSSLESS-thedigitaltheater_3_H264_CRF41_.txt,33.18559886,42.21341593,42.51133193,0.947347533,6.430475258,64.19216116,1080,1920,120,71.9,59.8
DOLBY_ATMOS_UNFOLD_2_FEEL_EVERY_DIMENSION_LOSSLESS-thedigitaltheater_3.yuv,H264,31,DOLBY_ATMOS_UNFOLD_2_FEEL_EVERY_DIMENSION_LOSSLESS-thedigitaltheater_3_H264_CRF31_.yuv,DOLBY_ATMOS_UNFOLD_2_FEEL_EVERY_DIMENSION_LOSSLESS-thedigitaltheater_3_H264_CRF31_.txt,38.99179117,45.26838998,46.13565844,0.989286458,9.739637983,93.01753197,1080,1920,120,71.9,59.8
DOLBY_ATMOS_UNFOLD_2_FEEL_EVERY_DIMENSION_LOSSLESS-thedigitaltheater_3.yuv,H265,31,DOLBY_ATMOS_UNFOLD_2_FEEL_EVERY_DIMENSION_LOSSLESS-thedigitaltheater_3_H265_CRF31_.yuv,DOLBY_ATMOS_UNFOLD_2_FEEL_EVERY_DIMENSION_LOSSLESS-thedigitaltheater_3_H265_CRF31_.txt,39.77872663,44.53830628,45.29210803,0.989021025,6.213577475,94.38611005,1080,1920,120,71.9,59.8
DOLBY_ATMOS_UNFOLD_2_FEEL_EVERY_DIMENSION_LOSSLESS-thedigitaltheater_3.yuv,H265,21,DOLBY_ATMOS_UNFOLD_2_FEEL_EVERY_DIMENSION_LOSSLESS-thedigitaltheater_3_H265_CRF21_.yuv,DOLBY_ATMOS_UNFOLD_2_FEEL_EVERY_DIMENSION_LOSSLESS-thedigitaltheater_3_H265_CRF21_.txt,43.73364873,47.86487335,48.92433706,0.99591445,5.015658042,98.93559809,1080,1920,120,71.9,59.8
DOLBY_ATMOS_UNFOLD_2_FEEL_EVERY_DIMENSION_LOSSLESS-thedigitaltheater_3.yuv,AV1,63,DOLBY_ATMOS_UNFOLD_2_FEEL_EVERY_DIMENSION_LOSSLESS-thedigitaltheater_3_AV1_CRF63_.yuv,DOLBY_ATMOS_UNFOLD_2_FEEL_EVERY_DIMENSION_LOSSLESS-thedigitaltheater_3_AV1_CRF63_.txt,34.15779152,41.23058792,41.30371031,0.95177855,8.201820133,66.67784829,1080,1920,120,71.9,59.8
DOLBY_ATMOS_UNFOLD_2_FEEL_EVERY_DIMENSION_LOSSLESS-thedigitaltheater_3.yuv,AV1,51,DOLBY_ATMOS_UNFOLD_2_FEEL_EVERY_DIMENSION_LOSSLESS-thedigitaltheater_3_AV1_CRF51_.yuv,DOLBY_ATMOS_UNFOLD_2_FEEL_EVERY_DIMENSION_LOSSLESS-thedigitaltheater_3_AV1_CRF51_.txt,39.09928359,44.82576486,45.37918901,0.986358633,9.437947083,91.0954267,1080,1920,120,71.9,59.8
DOLBY_ATMOS_UNFOLD_2_FEEL_EVERY_DIMENSION_LOSSLESS-thedigitaltheater_3.yuv,AV1,38,DOLBY_ATMOS_UNFOLD_2_FEEL_EVERY_DIMENSION_LOSSLESS-thedigitaltheater_3_AV1_CRF38_.yuv,DOLBY_ATMOS_UNFOLD_2_FEEL_EVERY_DIMENSION_LOSSLESS-thedigitaltheater_3_AV1_CRF38_.txt,41.77035729,46.7813543,47.5893579,0.993500558,10.35940263,97.80073918,1080,1920,120,71.9,59.8
DOLBY_ATMOS_UNFOLD_2_FEEL_EVERY_DIMENSION_LOSSLESS-thedigitaltheater_3.yuv,AV1,26,DOLBY_ATMOS_UNFOLD_2_FEEL_EVERY_DIMENSION_LOSSLESS-thedigitaltheater_3_AV1_CRF26_.yuv,DOLBY_ATMOS_UNFOLD_2_FEEL_EVERY_DIMENSION_LOSSLESS-thedigitaltheater_3_AV1_CRF26_.txt,43.77598005,48.30896604,49.37002777,0.996013783,11.1390102,99.00492233,1080,1920,120,71.9,59.8
DOLBY_ATMOS_UNFOLD_2_FEEL_EVERY_DIMENSION_LOSSLESS-thedigitaltheater_3.yuv,AV1,13,DOLBY_ATMOS_UNFOLD_2_FEEL_EVERY_DIMENSION_LOSSLESS-thedigitaltheater_3_AV1_CRF13_.yuv,DOLBY_ATMOS_UNFOLD_2_FEEL_EVERY_DIMENSION_LOSSLESS-thedigitaltheater_3_AV1_CRF13_.txt,45.37650718,49.47933293,50.76615209,0.997079925,11.45848853,99.46960788,1080,1920,120,71.9,59.8
DRuralSetupS2IRIS_480x272_24fps_10bit_420.yuv,H264,51,DRuralSetupS2IRIS_480x272_24fps_10bit_420_H264_CRF51_.yuv,DRuralSetupS2IRIS_480x272_24fps_10bit_420_H264_CRF51_.txt,22.03729484,32.68934608,35.30674519,0.564814531,6.284384297,6.456807484,272,480,64,92.2,25.9
DWaterS65Mitch_480x272_24fps_10bit_420.yuv,H264,51,DWaterS65Mitch_480x272_24fps_10bit_420_H264_CRF51_.yuv,DWaterS65Mitch_480x272_24fps_10bit_420_H264_CRF51_.txt,21.82378875,39.41767786,38.34710577,0.296988047,11.27598123,9.309368906,272,480,64,72.2,30.6
FlowingRiverHighSpeedMedGran_300frames_1920x1080.yuv,H264,51,FlowingRiverHighSpeedMedGran_300frames_1920x1080_H264_CRF51_.yuv,FlowingRiverHighSpeedMedGran_300frames_1920x1080_H264_CRF51_.txt,31.1034773,40.86267561,40.79623403,0.88907295,6.269588353,12.90089922,1080,1920,300,11.4,5.97
FlowingRiverHighSpeedMedGran_300frames_1920x1080.yuv,H264,41,FlowingRiverHighSpeedMedGran_300frames_1920x1080_H264_CRF41_.yuv,FlowingRiverHighSpeedMedGran_300frames_1920x1080_H264_CRF41_.txt,34.8197242,42.11685699,49.83982626,0.91524366,5.123130497,27.03223879,1080,1920,300,11.4,5.97
FlowingRiverHighSpeedMedGran_300frames_1920x1080.yuv,H265,51,FlowingRiverHighSpeedMedGran_300frames_1920x1080_H265_CRF51_.yuv,FlowingRiverHighSpeedMedGran_300frames_1920x1080_H265_CRF51_.txt,34.22847858,41.10196455,40.37487602,0.919948747,15.41261189,12.86781443,1080,1920,300,11.4,5.97
FlowingRiverHighSpeedMedGran_300frames_1920x1080.yuv,H265,41,FlowingRiverHighSpeedMedGran_300frames_1920x1080_H265_CRF41_.yuv,FlowingRiverHighSpeedMedGran_300frames_1920x1080_H265_CRF41_.txt,36.27236643,43.32034567,49.15629715,0.9385772,8.12606292,28.09157552,1080,1920,300,11.4,5.97
FlowingRiverHighSpeedMedGran_300frames_1920x1080.yuv,AV1,63,FlowingRiverHighSpeedMedGran_300frames_1920x1080_AV1_CRF63_.yuv,FlowingRiverHighSpeedMedGran_300frames_1920x1080_AV1_CRF63_.txt,36.30696446,43.94179275,48.895522,0.94125769,16.49196466,18.90971714,1080,1920,300,11.4,5.97
FlowingRiverHighSpeedMedGran_300frames_1920x1080.yuv,AV1,51,FlowingRiverHighSpeedMedGran_300frames_1920x1080_AV1_CRF51_.yuv,FlowingRiverHighSpeedMedGran_300frames_1920x1080_AV1_CRF51_.txt,38.18521227,46.54878143,52.28461283,0.966214473,14.18131097,43.43512952,1080,1920,300,11.4,5.97
FlowingRiverHighSpeedMedGran_300frames_1920x1080.yuv,AV1,38,FlowingRiverHighSpeedMedGran_300frames_1920x1080_AV1_CRF38_.yuv,FlowingRiverHighSpeedMedGran_300frames_1920x1080_AV1_CRF38_.txt,39.32239052,48.41642585,53.754566,0.981210973,13.80732352,64.10215221,1080,1920,300,11.4,5.97
FlowingRiverHighSpeedMedGran_300frames_1920x1080.yuv,AV1,26,FlowingRiverHighSpeedMedGran_300frames_1920x1080_AV1_CRF26_.yuv,FlowingRiverHighSpeedMedGran_300frames_1920x1080_AV1_CRF26_.txt,40.12994104,50.33161042,54.87288164,0.990261337,12.31225686,78.21220095,1080,1920,300,11.4,5.97
FlowingRiverHighSpeedMedGran_300frames_1920x1080.yuv,AV1,13,FlowingRiverHighSpeedMedGran_300frames_1920x1080_AV1_CRF13_.yuv,FlowingRiverHighSpeedMedGran_300frames_1920x1080_AV1_CRF13_.txt,40.67012926,51.67850816,55.43816658,0.993933403,9.713710347,85.91167459,1080,1920,300,11.4,5.97
FlowingRiverLowSpeedLowGran_300frames_1920x1080.yuv,H264,51,FlowingRiverLowSpeedLowGran_300frames_1920x1080_H264_CRF51_.yuv,FlowingRiverLowSpeedLowGran_300frames_1920x1080_H264_CRF51_.txt,30.586646,39.33221393,39.72156755,0.9025,5.34757921,27.98829105,1080,1920,300,9.98,5.51
FlowingRiverLowSpeedLowGran_300frames_1920x1080.yuv,H265,51,FlowingRiverLowSpeedLowGran_300frames_1920x1080_H265_CRF51_.yuv,FlowingRiverLowSpeedLowGran_300frames_1920x1080_H265_CRF51_.txt,35.18777406,40.89017736,40.77100088,0.94528348,14.47555824,29.21076972,1080,1920,300,9.98,5.51
FlowingRiverLowSpeedLowGran_300frames_1920x1080.yuv,H265,41,FlowingRiverLowSpeedLowGran_300frames_1920x1080_H265_CRF41_.yuv,FlowingRiverLowSpeedLowGran_300frames_1920x1080_H265_CRF41_.txt,37.83156645,44.45087573,49.52188337,0.965113483,9.460569783,46.18706835,1080,1920,300,9.98,5.51
FlowingRiverLowSpeedLowGran_300frames_1920x1080.yuv,H265,31,FlowingRiverLowSpeedLowGran_300frames_1920x1080_H265_CRF31_.yuv,FlowingRiverLowSpeedLowGran_300frames_1920x1080_H265_CRF31_.txt,39.91977671,47.37925479,51.72502077,0.985867057,5.611680513,68.60318619,1080,1920,300,9.98,5.51
FlowingRiverLowSpeedLowGran_300frames_1920x1080.yuv,AV1,63,FlowingRiverLowSpeedLowGran_300frames_1920x1080_AV1_CRF63_.yuv,FlowingRiverLowSpeedLowGran_300frames_1920x1080_AV1_CRF63_.txt,37.99869091,45.43855925,50.1268454,0.96897585,17.20161855,39.29349944,1080,1920,300,9.98,5.51
FlowingRiverLowSpeedLowGran_300frames_1920x1080.yuv,AV1,51,FlowingRiverLowSpeedLowGran_300frames_1920x1080_AV1_CRF51_.yuv,FlowingRiverLowSpeedLowGran_300frames_1920x1080_AV1_CRF51_.txt,39.7145064,49.26536452,54.22505552,0.984314497,15.92351409,59.02277503,1080,1920,300,9.98,5.51
FlowingRiverLowSpeedLowGran_300frames_1920x1080.yuv,AV1,38,FlowingRiverLowSpeedLowGran_300frames_1920x1080_AV1_CRF38_.yuv,FlowingRiverLowSpeedLowGran_300frames_1920x1080_AV1_CRF38_.txt,40.37763314,51.22979365,55.69079179,0.990182493,16.45419092,70.15998929,1080,1920,300,9.98,5.51
FlowingRiverLowSpeedLowGran_300frames_1920x1080.yuv,AV1,26,FlowingRiverLowSpeedLowGran_300frames_1920x1080_AV1_CRF26_.yuv,FlowingRiverLowSpeedLowGran_300frames_1920x1080_AV1_CRF26_.txt,40.70463994,53.12888695,56.50529047,0.992966707,16.57317551,77.56711883,1080,1920,300,9.98,5.51
FlowingRiverLowSpeedLowGran_300frames_1920x1080.yuv,AV1,13,FlowingRiverLowSpeedLowGran_300frames_1920x1080_AV1_CRF13_.yuv,FlowingRiverLowSpeedLowGran_300frames_1920x1080_AV1_CRF13_.txt,40.94524407,54.28754978,57.00427998,0.994366713,15.58559476,82.24594921,1080,1920,300,9.98,5.51
GTAV_7.yuv,H264,41,GTAV_7_H264_CRF41_.yuv,GTAV_7_H264_CRF41_.txt,38.04189937,43.95940273,43.96781671,0.973582753,5.229445723,63.66604918,1080,1920,300,41.9,72.1
GTAV_7.yuv,H265,51,GTAV_7_H265_CRF51_.yuv,GTAV_7_H265_CRF51_.txt,32.91517813,38.81037309,38.70989537,0.931654903,5.11283943,30.8284789,1080,1920,300,41.9,72.1
GTAV_7.yuv,H265,41,GTAV_7_H265_CRF41_.yuv,GTAV_7_H265_CRF41_.txt,38.70496977,43.98378413,43.94445294,0.97504248,5.147934973,65.21238772,1080,1920,300,41.9,72.1
GTAV_7.yuv,AV1,63,GTAV_7_AV1_CRF63_.yuv,GTAV_7_AV1_CRF63_.txt,40.56222585,46.71014159,46.43146734,0.981486713,6.40764268,72.51894768,1080,1920,300,41.9,72.1
GTAV_7.yuv,AV1,51,GTAV_7_AV1_CRF51_.yuv,GTAV_7_AV1_CRF51_.txt,44.49763256,49.81923987,49.43455411,0.99272765,6.211181673,87.20439803,1080,1920,300,41.9,72.1
GTAV_7.yuv,AV1,38,GTAV_7_AV1_CRF38_.yuv,GTAV_7_AV1_CRF38_.txt,46.75136867,51.38835564,50.96191358,0.99614175,6.258568157,92.41548231,1080,1920,300,41.9,72.1
GTAV_7.yuv,AV1,26,GTAV_7_AV1_CRF26_.yuv,GTAV_7_AV1_CRF26_.txt,48.6115121,52.52108613,52.04342787,0.997662693,6.334498813,95.19285595,1080,1920,300,41.9,72.1
GTAV_7.yuv,AV1,13,GTAV_7_AV1_CRF13_.yuv,GTAV_7_AV1_CRF13_.txt,50.1898222,53.49602952,52.97417154,0.99851067,6.07231697,96.76411205,1080,1920,300,41.9,72.1
GTAV_8.yuv,AV1,63,GTAV_8_AV1_CRF63_.yuv,GTAV_8_AV1_CRF63_.txt,37.1937901,45.44341078,46.38082511,0.964019247,5.468882363,55.07558,1080,1920,300,40.9,11.2
GTAV_8.yuv,AV1,51,GTAV_8_AV1_CRF51_.yuv,GTAV_8_AV1_CRF51_.txt,41.19083195,48.71515504,48.97252404,0.987309793,5.67661764,81.11585051,1080,1920,300,40.9,11.2
GTAV_8.yuv,AV1,38,GTAV_8_AV1_CRF38_.yuv,GTAV_8_AV1_CRF38_.txt,43.60530097,50.46882605,50.33764711,0.993830407,5.452375683,89.33595138,1080,1920,300,40.9,11.2
GTAV_8.yuv,AV1,26,GTAV_8_AV1_CRF26_.yuv,GTAV_8_AV1_CRF26_.txt,46.00111357,51.95063248,51.57266652,0.99675264,5.474358667,93.87351081,1080,1920,300,40.9,11.2
HexagonTileLowSpeedLowGran_300frames_1920x1080.yuv,AV1,38,HexagonTileLowSpeedLowGran_300frames_1920x1080_AV1_CRF38_.yuv,HexagonTileLowSpeedLowGran_300frames_1920x1080_AV1_CRF38_.txt,44.71932506,49.62579376,50.57244123,0.99902651,5.37097426,99.98742876,1080,1920,300,64.8,24.8
HexagonTileLowSpeedLowGran_300frames_1920x1080.yuv,AV1,26,HexagonTileLowSpeedLowGran_300frames_1920x1080_AV1_CRF26_.yuv,HexagonTileLowSpeedLowGran_300frames_1920x1080_AV1_CRF26_.txt,46.0906343,51.21989618,52.24851754,0.999276387,5.98986216,99.988636,1080,1920,300,64.8,24.8
HexagonTileLowSpeedLowGran_300frames_1920x1080.yuv,AV1,13,HexagonTileLowSpeedLowGran_300frames_1920x1080_AV1_CRF13_.yuv,HexagonTileLowSpeedLowGran_300frames_1920x1080_AV1_CRF13_.txt,47.4074494,52.62329069,53.62625706,0.999440717,6.380358413,99.98916205,1080,1920,300,64.8,24.8
MINECRAFT_4.yuv,H264,41,MINECRAFT_4_H264_CRF41_.yuv,MINECRAFT_4_H264_CRF41_.txt,34.34121364,41.26438936,42.15520367,0.940438423,6.204104133,55.24806906,1080,1920,300,75.7,30.1
MINECRAFT_4.yuv,H264,31,MINECRAFT_4_H264_CRF31_.yuv,MINECRAFT_4_H264_CRF31_.txt,40.26526991,45.01679251,45.91640889,0.989303233,6.067023343,88.11114679,1080,1920,300,75.7,30.1
MINECRAFT_4.yuv,H264,21,MINECRAFT_4_H264_CRF21_.yuv,MINECRAFT_4_H264_CRF21_.txt,46.17047342,49.42910308,49.70105049,0.997891427,5.085927393,98.09577249,1080,1920,300,75.7,30.1
MINECRAFT_4.yuv,AV1,63,MINECRAFT_4_AV1_CRF63_.yuv,MINECRAFT_4_AV1_CRF63_.txt,35.58888441,40.27209917,41.83517651,0.944974407,6.494244323,61.04817524,1080,1920,300,75.7,30.1
MINECRAFT_4.yuv,AV1,51,MINECRAFT_4_AV1_CRF51_.yuv,MINECRAFT_4_AV1_CRF51_.txt,39.97831721,45.46951135,46.10104251,0.983505937,7.157813193,84.79141807,1080,1920,300,75.7,30.1
MINECRAFT_4.yuv,AV1,38,MINECRAFT_4_AV1_CRF38_.yuv,MINECRAFT_4_AV1_CRF38_.txt,42.88138163,48.2242955,48.64288879,0.99302425,7.428875897,94.03846369,1080,1920,300,75.7,30.1
MINECRAFT_4.yuv,AV1,26,MINECRAFT_4_AV1_CRF26_.yuv,MINECRAFT_4_AV1_CRF26_.txt,45.76223299,50.3333946,50.58835783,0.9966472,7.690356717,97.60572375,1080,1920,300,75.7,30.1
MINECRAFT_4.yuv,AV1,13,MINECRAFT_4_AV1_CRF13_.yuv,MINECRAFT_4_AV1_CRF13_.txt,48.78237579,52.21079999,52.31638181,0.998318997,7.750371753,98.92660086,1080,1920,300,75.7,30.1
MINECRAFT_6.yuv,AV1,51,MINECRAFT_6_AV1_CRF51_.yuv,MINECRAFT_6_AV1_CRF51_.txt,39.13996825,44.4049565,45.54695619,0.982127743,5.705522627,91.39727201,1080,1920,300,90.5,24.4
MINECRAFT_6.yuv,AV1,38,MINECRAFT_6_AV1_CRF38_.yuv,MINECRAFT_6_AV1_CRF38_.txt,42.27411483,47.43478755,48.34275844,0.99333379,5.755752103,98.22040791,1080,1920,300,90.5,24.4
MINECRAFT_6.yuv,AV1,26,MINECRAFT_6_AV1_CRF26_.yuv,MINECRAFT_6_AV1_CRF26_.txt,45.52632054,49.79983352,50.45870445,0.99699073,5.932912677,99.3665341,1080,1920,300,90.5,24.4
MINECRAFT_6.yuv,AV1,13,MINECRAFT_6_AV1_CRF13_.yuv,MINECRAFT_6_AV1_CRF13_.txt,48.58502661,51.88834302,52.13197884,0.998484823,5.50513746,99.65798301,1080,1920,300,90.5,24.4
SmokeMedSpeedHighDensity_300frames_1920x1080.yuv,H264,51,SmokeMedSpeedHighDensity_300frames_1920x1080_H264_CRF51_.yuv,SmokeMedSpeedHighDensity_300frames_1920x1080_H264_CRF51_.txt,30.77791845,41.22634036,41.1707888,0.912588963,5.26604749,79.60305,1080,1920,300,2.5,2.56
SmokeMedSpeedHighDensity_300frames_1920x1080.yuv,H264,41,SmokeMedSpeedHighDensity_300frames_1920x1080_H264_CRF41_.yuv,SmokeMedSpeedHighDensity_300frames_1920x1080_H264_CRF41_.txt,42.39909886,46.43972855,45.55736595,0.98480906,9.496416417,84.45751829,1080,1920,300,2.5,2.56
SmokeMedSpeedHighDensity_300frames_1920x1080.yuv,H264,31,SmokeMedSpeedHighDensity_300frames_1920x1080_H264_CRF31_.yuv,SmokeMedSpeedHighDensity_300frames_1920x1080_H264_CRF31_.txt,49.41606393,52.46212799,52.14804687,0.996122513,9.03609455,89.06445619,1080,1920,300,2.5,2.56
SmokeMedSpeedHighDensity_300frames_1920x1080.yuv,H264,21,SmokeMedSpeedHighDensity_300frames_1920x1080_H264_CRF21_.yuv,SmokeMedSpeedHighDensity_300frames_1920x1080_H264_CRF21_.txt,51.65070218,55.60347017,56.82913882,0.99841446,6.522708697,91.40869052,1080,1920,300,2.5,2.56
SmokeMedSpeedHighDensity_300frames_1920x1080.yuv,H265,41,SmokeMedSpeedHighDensity_300frames_1920x1080_H265_CRF41_.yuv,SmokeMedSpeedHighDensity_300frames_1920x1080_H265_CRF41_.txt,43.01157052,47.93432979,47.36317911,0.98341516,5.56488407,82.31788464,1080,1920,300,2.5,2.56
SmokeMedSpeedHighDensity_300frames_1920x1080.yuv,H265,51,SmokeMedSpeedHighDensity_300frames_1920x1080_H265_CRF51_.yuv,SmokeMedSpeedHighDensity_300frames_1920x1080_H265_CRF51_.txt,37.2898046,40.16200219,40.71016683,0.95797953,7.2687272,77.9172672,1080,1920,300,2.5,2.56
SmokeMedSpeedHighDensity_300frames_1920x1080.yuv,H265,31,SmokeMedSpeedHighDensity_300frames_1920x1080_H265_CRF31_.yuv,SmokeMedSpeedHighDensity_300frames_1920x1080_H265_CRF31_.txt,48.15711814,51.17334396,51.40020542,0.994815827,5.42911344,86.98226763,1080,1920,300,2.5,2.56
SmokeMedSpeedHighDensity_300frames_1920x1080.yuv,H265,21,SmokeMedSpeedHighDensity_300frames_1920x1080_H265_CRF21_.yuv,SmokeMedSpeedHighDensity_300frames_1920x1080_H265_CRF21_.txt,51.10091264,53.96561997,54.95822711,0.997860967,6.058782267,90.06610695,1080,1920,300,2.5,2.56
SmokeMedSpeedHighDensity_300frames_1920x1080.yuv,H265,11,SmokeMedSpeedHighDensity_300frames_1920x1080_H265_CRF11_.yuv,SmokeMedSpeedHighDensity_300frames_1920x1080_H265_CRF11_.txt,52.46279635,56.7727562,58.46798312,0.998906547,7.601972247,92.02509899,1080,1920,300,2.5,2.56
SmokeMedSpeedHighDensity_300frames_1920x1080.yuv,AV1,63,SmokeMedSpeedHighDensity_300frames_1920x1080_AV1_CRF63_.yuv,SmokeMedSpeedHighDensity_300frames_1920x1080_AV1_CRF63_.txt,43.8074647,47.97681546,48.58199414,0.991913087,10.70273205,81.76552416,1080,1920,300,2.5,2.56
SmokeMedSpeedHighDensity_300frames_1920x1080.yuv,AV1,51,SmokeMedSpeedHighDensity_300frames_1920x1080_AV1_CRF51_.yuv,SmokeMedSpeedHighDensity_300frames_1920x1080_AV1_CRF51_.txt,48.16764676,52.30227664,52.90223179,0.995988117,11.30924512,86.07706531,1080,1920,300,2.5,2.56
SmokeMedSpeedHighDensity_300frames_1920x1080.yuv,AV1,38,SmokeMedSpeedHighDensity_300frames_1920x1080_AV1_CRF38_.yuv,SmokeMedSpeedHighDensity_300frames_1920x1080_AV1_CRF38_.txt,50.28805163,53.68410061,54.53756357,0.997417177,13.39324092,88.16892948,1080,1920,300,2.5,2.56
SmokeMedSpeedHighDensity_300frames_1920x1080.yuv,AV1,26,SmokeMedSpeedHighDensity_300frames_1920x1080_AV1_CRF26_.yuv,SmokeMedSpeedHighDensity_300frames_1920x1080_AV1_CRF26_.txt,51.52634173,54.88325302,55.97279134,0.998200407,14.42908418,89.65307292,1080,1920,300,2.5,2.56
SmokeMedSpeedHighDensity_300frames_1920x1080.yuv,AV1,13,SmokeMedSpeedHighDensity_300frames_1920x1080_AV1_CRF13_.yuv,SmokeMedSpeedHighDensity_300frames_1920x1080_AV1_CRF13_.txt,52.41863409,55.95256157,57.29787133,0.99872071,15.76082326,90.86548932,1080,1920,300,2.5,2.56
SmokeMedSpeedHighDensity_300frames_1920x1080.yuv,AV1,1,SmokeMedSpeedHighDensity_300frames_1920x1080_AV1_CRF1_.yuv,SmokeMedSpeedHighDensity_300frames_1920x1080_AV1_CRF1_.txt,54.13279387,58.39048935,59.64635372,0.99948045,9.6176753,94.20171755,1080,1920,300,2.5,2.56
svt_smoke_sauna_3840x2160_50_10bit_420.yuv,H265,51,svt_smoke_sauna_3840x2160_50_10bit_420_H265_CRF51_.yuv,svt_smoke_sauna_3840x2160_50_10bit_420_H265_CRF51_.txt,32.36768102,38.16893177,41.96676232,0.908184708,5.289695446,13.79805018,1080,1920,130,27.2,7.73
touchdown_pass_1080p_0.yuv,H265,51,touchdown_pass_1080p_0_H265_CRF51_.yuv,touchdown_pass_1080p_0_H265_CRF51_.txt,27.10383791,38.12810759,36.94533341,0.75882214,9.409183367,19.38593491,1080,1920,150,52.4,16.8
wipe_3840x2160_5994_10bit_420_4653-4783.yuv,H264,51,wipe_3840x2160_5994_10bit_420_4653-4783_H264_CRF51_.yuv,wipe_3840x2160_5994_10bit_420_4653-4783_H264_CRF51_.txt,32.34856142,40.91540848,43.14462308,0.933345246,7.906451946,16.18013151,1080,1920,130,11.7,1.96
wipe_3840x2160_5994_10bit_420_4653-4783.yuv,H264,41,wipe_3840x2160_5994_10bit_420_4653-4783_H264_CRF41_.yuv,wipe_3840x2160_5994_10bit_420_4653-4783_H264_CRF41_.txt,42.01245515,45.6173753,46.97665525,0.985417054,10.45508315,56.70973838,1080,1920,130,11.7,1.96
wipe_3840x2160_5994_10bit_420_4653-4783.yuv,H264,31,wipe_3840x2160_5994_10bit_420_4653-4783_H264_CRF31_.yuv,wipe_3840x2160_5994_10bit_420_4653-4783_H264_CRF31_.txt,47.5529528,50.1046549,52.95138673,0.996541046,15.75838459,82.06486286,1080,1920,130,11.7,1.96
wipe_3840x2160_5994_10bit_420_4653-4783.yuv,H264,21,wipe_3840x2160_5994_10bit_420_4653-4783_H264_CRF21_.yuv,wipe_3840x2160_5994_10bit_420_4653-4783_H264_CRF21_.txt,51.08936799,53.84466352,56.07594726,0.9988787,14.03440682,92.49246529,1080,1920,130,11.7,1.96
wipe_3840x2160_5994_10bit_420_4653-4783.yuv,H265,31,wipe_3840x2160_5994_10bit_420_4653-4783_H265_CRF31_.yuv,wipe_3840x2160_5994_10bit_420_4653-4783_H265_CRF31_.txt,47.60670961,49.19379018,52.40114277,0.996101869,15.7500428,82.16006442,1080,1920,130,11.7,1.96
wipe_3840x2160_5994_10bit_420_4653-4783.yuv,H265,21,wipe_3840x2160_5994_10bit_420_4653-4783_H265_CRF21_.yuv,wipe_3840x2160_5994_10bit_420_4653-4783_H265_CRF21_.txt,51.10205234,53.30443537,55.76253139,0.9986,15.80663351,91.43722162,1080,1920,130,11.7,1.96
wipe_3840x2160_5994_10bit_420_4653-4783.yuv,H265,41,wipe_3840x2160_5994_10bit_420_4653-4783_H265_CRF41_.yuv,wipe_3840x2160_5994_10bit_420_4653-4783_H265_CRF41_.txt,42.64523491,44.84983162,47.61531512,0.986317285,13.22946456,60.22385726,1080,1920,130,11.7,1.96
wipe_3840x2160_5994_10bit_420_4653-4783.yuv,H265,51,wipe_3840x2160_5994_10bit_420_4653-4783_H265_CRF51_.yuv,wipe_3840x2160_5994_10bit_420_4653-4783_H265_CRF51_.txt,36.94011075,39.53568699,42.69140678,0.956190962,12.60587902,23.17397697,1080,1920,130,11.7,1.96
wipe_3840x2160_5994_10bit_420_4653-4783.yuv,H265,11,wipe_3840x2160_5994_10bit_420_4653-4783_H265_CRF11_.yuv,wipe_3840x2160_5994_10bit_420_4653-4783_H265_CRF11_.txt,53.26277754,56.57448285,58.81394421,0.999335962,15.49746982,95.09823136,1080,1920,130,11.7,1.96
wipe_3840x2160_5994_10bit_420_4653-4783.yuv,AV1,63,wipe_3840x2160_5994_10bit_420_4653-4783_AV1_CRF63_.yuv,wipe_3840x2160_5994_10bit_420_4653-4783_AV1_CRF63_.txt,46.14195718,49.84642083,53.72120556,0.994976662,16.67150487,75.6198251,1080,1920,130,11.7,1.96
wipe_3840x2160_5994_10bit_420_4653-4783.yuv,AV1,51,wipe_3840x2160_5994_10bit_420_4653-4783_AV1_CRF51_.yuv,wipe_3840x2160_5994_10bit_420_4653-4783_AV1_CRF51_.txt,49.1308038,52.49024652,55.65083809,0.997785638,16.76789865,86.52153805,1080,1920,130,11.7,1.96
wipe_3840x2160_5994_10bit_420_4653-4783.yuv,AV1,38,wipe_3840x2160_5994_10bit_420_4653-4783_AV1_CRF38_.yuv,wipe_3840x2160_5994_10bit_420_4653-4783_AV1_CRF38_.txt,50.76488958,54.29600538,57.25047558,0.998651162,16.79686424,90.39707042,1080,1920,130,11.7,1.96
wipe_3840x2160_5994_10bit_420_4653-4783.yuv,AV1,26,wipe_3840x2160_5994_10bit_420_4653-4783_AV1_CRF26_.yuv,wipe_3840x2160_5994_10bit_420_4653-4783_AV1_CRF26_.txt,51.76954624,55.34035647,58.1054486,0.999053738,14.50064141,92.41266292,1080,1920,130,11.7,1.96
wipe_3840x2160_5994_10bit_420_4653-4783.yuv,AV1,13,wipe_3840x2160_5994_10bit_420_4653-4783_AV1_CRF13_.yuv,wipe_3840x2160_5994_10bit_420_4653-4783_AV1_CRF13_.txt,52.56018646,56.04206699,58.52929948,0.999254962,15.38506018,93.97591155,1080,1920,130,11.7,1.96
wipe_3840x2160_5994_10bit_420_4653-4783.yuv,AV1,1,wipe_3840x2160_5994_10bit_420_4653-4783_AV1_CRF1_.yuv,wipe_3840x2160_5994_10bit_420_4653-4783_AV1_CRF1_.txt,55.08408182,59.24456312,59.9988132,0.999714962,8.9218646,96.75380172,1080,1920,130,11.7,1.96
wipe_3840x2160_5994_10bit_420_6309-6439.yuv,H264,41,wipe_3840x2160_5994_10bit_420_6309-6439_H264_CRF41_.yuv,wipe_3840x2160_5994_10bit_420_6309-6439_H264_CRF41_.txt,41.89027218,44.43249691,46.1953873,0.987488085,11.68668519,60.00223676,1080,1920,130,12.2,2.89
wipe_3840x2160_5994_10bit_420_6309-6439.yuv,H264,31,wipe_3840x2160_5994_10bit_420_6309-6439_H264_CRF31_.yuv,wipe_3840x2160_5994_10bit_420_6309-6439_H264_CRF31_.txt,47.74191035,49.31933937,53.03359506,0.997188269,17.15006388,84.600592,1080,1920,130,12.2,2.89
wipe_3840x2160_5994_10bit_420_6309-6439.yuv,H264,21,wipe_3840x2160_5994_10bit_420_6309-6439_H264_CRF21_.yuv,wipe_3840x2160_5994_10bit_420_6309-6439_H264_CRF21_.txt,50.88718125,52.60243196,56.26468959,0.998854608,13.78215449,93.62693066,1080,1920,130,12.2,2.89
wipe_3840x2160_5994_10bit_420_6309-6439.yuv,H265,51,wipe_3840x2160_5994_10bit_420_6309-6439_H265_CRF51_.yuv,wipe_3840x2160_5994_10bit_420_6309-6439_H265_CRF51_.txt,36.77813052,38.36421415,41.27927814,0.964344254,12.08205557,26.67032291,1080,1920,130,12.2,2.89
wipe_3840x2160_5994_10bit_420_6309-6439.yuv,H265,31,wipe_3840x2160_5994_10bit_420_6309-6439_H265_CRF31_.yuv,wipe_3840x2160_5994_10bit_420_6309-6439_H265_CRF31_.txt,47.70071898,47.88467748,52.55605705,0.996747854,17.01226698,85.00473248,1080,1920,130,12.2,2.89
wipe_3840x2160_5994_10bit_420_6309-6439.yuv,H265,41,wipe_3840x2160_5994_10bit_420_6309-6439_H265_CRF41_.yuv,wipe_3840x2160_5994_10bit_420_6309-6439_H265_CRF41_.txt,42.56366179,43.21924423,47.81773328,0.9888054,14.07320932,62.079086,1080,1920,130,12.2,2.89
wipe_3840x2160_5994_10bit_420_6309-6439.yuv,H265,21,wipe_3840x2160_5994_10bit_420_6309-6439_H265_CRF21_.yuv,wipe_3840x2160_5994_10bit_420_6309-6439_H265_CRF21_.txt,51.03332611,52.12756367,55.94923976,0.998625946,17.11184682,93.21178342,1080,1920,130,12.2,2.89
wipe_3840x2160_5994_10bit_420_6309-6439.yuv,H265,11,wipe_3840x2160_5994_10bit_420_6309-6439_H265_CRF11_.yuv,wipe_3840x2160_5994_10bit_420_6309-6439_H265_CRF11_.txt,52.93696238,55.14519632,59.05238065,0.999287415,16.03518012,95.86209857,1080,1920,130,12.2,2.89
wipe_3840x2160_5994_10bit_420_6309-6439.yuv,AV1,63,wipe_3840x2160_5994_10bit_420_6309-6439_AV1_CRF63_.yuv,wipe_3840x2160_5994_10bit_420_6309-6439_AV1_CRF63_.txt,47.72175917,49.69731021,54.56502763,0.997496592,18.61101547,85.06372676,1080,1920,130,12.2,2.89
wipe_3840x2160_5994_10bit_420_6309-6439.yuv,AV1,38,wipe_3840x2160_5994_10bit_420_6309-6439_AV1_CRF38_.yuv,wipe_3840x2160_5994_10bit_420_6309-6439_AV1_CRF38_.txt,51.29036753,52.89343562,57.5667941,0.998883908,18.68286358,93.64217393,1080,1920,130,12.2,2.89
wipe_3840x2160_5994_10bit_420_6309-6439.yuv,AV1,51,wipe_3840x2160_5994_10bit_420_6309-6439_AV1_CRF51_.yuv,wipe_3840x2160_5994_10bit_420_6309-6439_AV1_CRF51_.txt,50.2723884,51.67882946,56.24665308,0.998592577,18.80064351,92.38615894,1080,1920,130,12.2,2.89
wipe_3840x2160_5994_10bit_420_6309-6439.yuv,AV1,26,wipe_3840x2160_5994_10bit_420_6309-6439_AV1_CRF26_.yuv,wipe_3840x2160_5994_10bit_420_6309-6439_AV1_CRF26_.txt,51.84693158,53.72951132,58.27583895,0.999079892,16.13926918,94.46650678,1080,1920,130,12.2,2.89
wipe_3840x2160_5994_10bit_420_6309-6439.yuv,AV1,13,wipe_3840x2160_5994_10bit_420_6309-6439_AV1_CRF13_.yuv,wipe_3840x2160_5994_10bit_420_6309-6439_AV1_CRF13_.txt,52.27900778,54.33294865,58.55998478,0.999168169,17.10132864,95.06719401,1080,1920,130,12.2,2.89
wipe_3840x2160_5994_10bit_420_6309-6439.yuv,AV1,1,wipe_3840x2160_5994_10bit_420_6309-6439_AV1_CRF1_.yuv,wipe_3840x2160_5994_10bit_420_6309-6439_AV1_CRF1_.txt,55.15833476,57.98958027,59.9823667,0.999690554,9.955125477,97.22228751,1080,1920,130,12.2,2.89
WITCHER3_11.yuv,H264,51,WITCHER3_11_H264_CRF51_.yuv,WITCHER3_11_H264_CRF51_.txt,30.50943036,40.41177929,40.92483758,0.82125211,5.784541383,2.53513456,1080,1920,300,33.8,19.8
WITCHER3_11.yuv,H264,41,WITCHER3_11_H264_CRF41_.yuv,WITCHER3_11_H264_CRF41_.txt,35.66647708,44.08840388,44.47406296,0.935930977,5.869219447,38.69729475,1080,1920,300,33.8,19.8
WITCHER3_11.yuv,H265,51,WITCHER3_11_H265_CRF51_.yuv,WITCHER3_11_H265_CRF51_.txt,33.10749229,41.66069246,42.14196994,0.885933903,8.05276256,5.256109827,1080,1920,300,33.8,19.8
WITCHER3_11.yuv,H265,41,WITCHER3_11_H265_CRF41_.yuv,WITCHER3_11_H265_CRF41_.txt,36.55989481,44.38410894,44.83019354,0.95017269,6.067652393,44.56484133,1080,1920,300,33.8,19.8
WITCHER3_11.yuv,AV1,63,WITCHER3_11_AV1_CRF63_.yuv,WITCHER3_11_AV1_CRF63_.txt,36.62494342,44.87697164,45.24255139,0.949900367,9.529463853,43.25226173,1080,1920,300,33.8,19.8
WITCHER3_11.yuv,AV1,51,WITCHER3_11_AV1_CRF51_.yuv,WITCHER3_11_AV1_CRF51_.txt,39.65696295,47.29332114,47.94461523,0.98273057,7.417265907,73.60745322,1080,1920,300,33.8,19.8
WITCHER3_11.yuv,AV1,38,WITCHER3_11_AV1_CRF38_.yuv,WITCHER3_11_AV1_CRF38_.txt,41.7553721,48.49221435,49.1970078,0.991762277,6.053306057,84.93432889,1080,1920,300,33.8,19.8
