Ref,Codec,CRF,Comp,FileStream,PSNR_Y,PSNR_CB,PSNR_CR,SSIM,CAMBI,VMAF,BBAND,Height,Width,NumFrames,SI,TI,PSNR_Y(AB),PSNR_CB(AB),PSNR_CR(AB),SSIM(AB),CAMBI(AB),VMAF(AB),BBAND(AB),PSNR_Y(HN),PSNR_CB(HN),PSNR_CR(HN),SSIM(HN),VMAF(HN),CAMBI(HN),BBAND(HN)
A007C041_171117_R2HN_3.yuv,H265,41,A007C041_171117_R2HN_3_H265_CRF41_.yuv,A007C041_171117_R2HN_3_H265_CRF41_.txt,35.38730819,39.09344146,40.65230167,0.98249205,7.264380242,67.92434989,1.074786,1080,1920,120,48.3,14.8,35.34192628,39.09344146,40.65230167,0.98262785,0.0068053,67.91116784,0.289,35.6187187,41.4994035,41.8115382,0.9831922,69.2600016,4.1847328, 0.45 
A007C041_171117_R2HN_3.yuv,H265,31,A007C041_171117_R2HN_3_H265_CRF31_.yuv,A007C041_171117_R2HN_3_H265_CRF31_.txt,41.15570746,42.50253521,43.98790777,0.995486758,9.374035925,91.35466108,1.111123,1080,1920,120,48.3,14.8,40.96926126,42.50253521,43.98790777,0.995508583,0.00429285,91.33298538,0.248,40.5317176,44.3259133,44.2706158,0.9951672,90.080902,4.4053091, 0.41 
A007C041_171117_R2HN_3.yuv,H265,51,A007C041_171117_R2HN_3_H265_CRF51_.yuv,A007C041_171117_R2HN_3_H265_CRF51_.txt,30.37466683,35.42368923,36.7794284,0.936862733,5.350115708,28.35153717,1.131746,1080,1920,120,48.3,14.8,30.35949088,35.42368923,36.7794284,0.93703325,0.009016508,28.35274548,0.332,31.0139668,37.3078527,37.9264902,0.9420536,32.3361799,3.436718, 0.48 
A007C041_171117_R2HN_3.yuv,H265,21,A007C041_171117_R2HN_3_H265_CRF21_.yuv,A007C041_171117_R2HN_3_H265_CRF21_.txt,45.54990497,46.14269078,46.98223978,0.99799635,8.508390458,98.12846033,0.7232143,1080,1920,120,48.3,14.8,45.05445616,46.14269078,46.98223978,0.997969467,0.003498817,98.10723961,0.244,43.5191609,46.1950226,46.0946057,0.9975386,96.3233581,3.9987454, 0.38 
A007C041_171117_R2HN_3.yuv,AV1,63,A007C041_171117_R2HN_3_AV1_CRF63_.yuv,A007C041_171117_R2HN_3_AV1_CRF63_.txt,36.79526175,41.14577971,42.24370074,0.987840725,9.70182415,77.20792538,1.609965,1080,1920,120,48.3,14.8,36.72416568,41.14577971,42.24370074,0.987841633,0.004761017,77.19111532,0.288,37.4375079,42.7823854,43.0514297,0.9899622,79.2935628,4.5416129, 0.47 
A007C041_171117_R2HN_3.yuv,AV1,51,A007C041_171117_R2HN_3_AV1_CRF51_.yuv,A007C041_171117_R2HN_3_AV1_CRF51_.txt,41.482114,44.35615243,45.41344103,0.995890458,9.546249475,92.86255635,1.409356,1080,1920,120,48.3,14.8,41.26399025,44.35615243,45.41344103,0.995792425,0.006395242,92.83136374,0.26,41.3406712,45.3359858,45.3345288,0.9960662,92.6775022,4.5324561, 0.43 
A007C041_171117_R2HN_3.yuv,AV1,38,A007C041_171117_R2HN_3_AV1_CRF38_.yuv,A007C041_171117_R2HN_3_AV1_CRF38_.txt,44.127271,45.95041836,46.79257988,0.997555075,9.699085275,96.85534399,1.565411,1080,1920,120,48.3,14.8,43.72523813,45.95041836,46.79257988,0.997428383,0.008442492,96.81492313,0.253,43.0109178,46.2384508,46.0774373,0.9972503,95.8755234,4.5322977, 0.42 
A007C041_171117_R2HN_3.yuv,AV1,26,A007C041_171117_R2HN_3_AV1_CRF26_.yuv,A007C041_171117_R2HN_3_AV1_CRF26_.txt,45.91771599,47.12729095,47.69255198,0.998179242,9.367880208,98.80605266,1.082875,1080,1920,120,48.3,14.8,45.32613038,47.12729095,47.69255198,0.998037042,0.0080509,98.76678688,0.249,43.8905182,46.7011104,46.4544215,0.9977007,97.3893855,4.2766395, 0.40 
A007C041_171117_R2HN_3.yuv,AV1,13,A007C041_171117_R2HN_3_AV1_CRF13_.yuv,A007C041_171117_R2HN_3_AV1_CRF13_.txt,47.04873103,48.04115513,48.38894998,0.998489042,8.671749642,99.45470815,1.371731,1080,1920,120,48.3,14.8,46.31010337,48.04115513,48.38894997,0.998315633,0.007290433,99.4251791,0.245,44.4538632,46.9975176,46.9075897,0.997995,97.9468,2.6970255, 0.34 
ABasketballS3YonseiUniversity_3840x2176_30fps_10bit_420.yuv,H264,31,ABasketballS3YonseiUniversity_3840x2176_30fps_10bit_420_H264_CRF31_.yuv,ABasketballS3YonseiUniversity_3840x2176_30fps_10bit_420_H264_CRF31_.txt,42.52932559,41.77069158,45.15802691,0.995779219,5.058136141,82.94889138,0.5678032,2176,3840,64,29.7,13,42.34445188,41.77069158,45.15802691,0.995502469,0.021484187,82.84848992,0.442,40.617735,41.9902659,45.4562896,0.9952969,83.87614,1.9995324, 0.43 
ABasketballS3YonseiUniversity_3840x2176_30fps_10bit_420.yuv,H265,41,ABasketballS3YonseiUniversity_3840x2176_30fps_10bit_420_H265_CRF41_.yuv,ABasketballS3YonseiUniversity_3840x2176_30fps_10bit_420_H265_CRF41_.txt,37.4427337,39.79186464,41.89114098,0.980451422,6.520928922,57.66699272,0.7099408,2176,3840,64,29.7,13,37.40561398,39.79186464,41.89114098,0.980823562,0.014752719,57.61578173,0.504,36.9900224,40.3386155,42.4656674,0.9818685,60.1365919,2.3463255, 0.44 
ABasketballS3YonseiUniversity_3840x2176_30fps_10bit_420.yuv,H265,51,ABasketballS3YonseiUniversity_3840x2176_30fps_10bit_420_H265_CRF51_.yuv,ABasketballS3YonseiUniversity_3840x2176_30fps_10bit_420_H265_CRF51_.txt,31.77860416,36.3232255,37.13838466,0.92503925,5.889730922,18.43184816,0.8255707,2176,3840,64,29.7,13,31.77186048,36.3232255,37.13838466,0.925706797,0.018053641,18.42145728,0.548,31.8649326,36.9003075,37.700303,0.9316676,20.7916936,2.7127564, 0.41 
ABasketballS3YonseiUniversity_3840x2176_30fps_10bit_420.yuv,AV1,63,ABasketballS3YonseiUniversity_3840x2176_30fps_10bit_420_AV1_CRF63_.yuv,ABasketballS3YonseiUniversity_3840x2176_30fps_10bit_420_AV1_CRF63_.txt,38.4554115,40.71972472,43.28904683,0.988693734,6.329124188,62.95159036,0.735164,2176,3840,64,29.7,13,38.36966491,40.71972472,43.28904683,0.988370422,0.01647125,62.82390595,0.464,38.1624883,40.9759979,43.5982617,0.9900271,68.6762336,2.2613568, 0.44 
ABubblesPitcherS1BVITexture_3840x2176_120fps_10bit_420.yuv,AV1,63,ABubblesPitcherS1BVITexture_3840x2176_120fps_10bit_420_AV1_CRF63_.yuv,ABubblesPitcherS1BVITexture_3840x2176_120fps_10bit_420_AV1_CRF63_.txt,41.16226641,38.33595509,46.1843428,0.980227422,17.40528622,61.27232911,0.8975552,2176,3840,64,10,5.55,40.94793638,38.33595509,46.1843428,0.981002484,0.00171575,61.29630806,0.228,42.2919921,38.9361669,48.2605055,0.9908198,72.3051115,9.6297011, 0.30 
ABubblesPitcherS1BVITexture_3840x2176_120fps_10bit_420.yuv,AV1,51,ABubblesPitcherS1BVITexture_3840x2176_120fps_10bit_420_AV1_CRF51_.yuv,ABubblesPitcherS1BVITexture_3840x2176_120fps_10bit_420_AV1_CRF51_.txt,43.92780588,39.40718697,48.60495514,0.991191016,18.09720627,80.4687097,0.835982,2176,3840,64,10,5.55,43.47725642,39.40718697,48.60495514,0.9914965,0.005204688,80.40688795,0.208,43.4223236,39.440779,49.3748861,0.9945426,83.2144097,9.6634571, 0.30 
ABubblesPitcherS1BVITexture_3840x2176_120fps_10bit_420.yuv,AV1,38,ABubblesPitcherS1BVITexture_3840x2176_120fps_10bit_420_AV1_CRF38_.yuv,ABubblesPitcherS1BVITexture_3840x2176_120fps_10bit_420_AV1_CRF38_.txt,45.12927167,39.94982152,49.40968486,0.994622359,17.76641263,88.09147309,0.8024434,2176,3840,64,10,5.55,44.5066597,39.94982152,49.40968486,0.994640109,0.002405703,87.96402719,0.228,43.8561202,39.7351421,49.5210664,0.9957573,87.2128409,8.426485, 0.30 
ABubblesPitcherS1BVITexture_3840x2176_120fps_10bit_420.yuv,AV1,26,ABubblesPitcherS1BVITexture_3840x2176_120fps_10bit_420_AV1_CRF26_.yuv,ABubblesPitcherS1BVITexture_3840x2176_120fps_10bit_420_AV1_CRF26_.txt,46.01978298,40.81037483,49.98296828,0.9965895,16.68347964,92.72494508,0.7105938,2176,3840,64,10,5.55,45.22264447,40.81037483,49.98296828,0.996368875,0.001817687,92.56912089,0.227,44.2099865,40.209963,49.8222518,0.9966932,90.2548864,6.8159704, 0.30 
ABubblesPitcherS1BVITexture_3840x2176_120fps_10bit_420.yuv,AV1,13,ABubblesPitcherS1BVITexture_3840x2176_120fps_10bit_420_AV1_CRF13_.yuv,ABubblesPitcherS1BVITexture_3840x2176_120fps_10bit_420_AV1_CRF13_.txt,47.19585278,44.04093184,50.41130338,0.998366984,11.94794558,95.46667959,0.5395089,2176,3840,64,10,5.55,46.20706273,44.04093184,50.41130338,0.997992797,0.003114953,95.333703,0.236,44.7598486,42.5653095,50.4324786,0.9979422,92.1356291,5.277398, 0.33 
aom_meridian_3840x2160_5994_hdr10_22412-22738.yuv,H265,41,aom_meridian_3840x2160_5994_hdr10_22412-22738_H265_CRF41_.yuv,aom_meridian_3840x2160_5994_hdr10_22412-22738_H265_CRF41_.txt,33.51752241,45.81029656,49.39130985,0.933992015,5.192948238,40.77285052,0.8050211,1080,1920,130,33.1,10.3,33.50635868,45.81029656,49.39130985,0.934520292,0.015729585,40.74822362,0.554,33.7705214,45.1093693,46.9930779,0.942762,44.39493,2.3301287, 0.55 
aom_meridian_3840x2160_5994_hdr10_22412-22738.yuv,H265,51,aom_meridian_3840x2160_5994_hdr10_22412-22738_H265_CRF51_.yuv,aom_meridian_3840x2160_5994_hdr10_22412-22738_H265_CRF51_.txt,29.98488818,44.09272477,44.89413713,0.8365738,7.348030008,9.343083131,0.9216643,1080,1920,130,33.1,10.3,29.98471725,44.09272477,44.89413713,0.837721769,0.056831023,9.360282162,0.653,30.8861093,44.1595275,45.3004533,0.8682458,13.2057228,2.9368558, 0.57 
aom_meridian_3840x2160_5994_hdr10_22412-22738.yuv,AV1,63,aom_meridian_3840x2160_5994_hdr10_22412-22738_AV1_CRF63_.yuv,aom_meridian_3840x2160_5994_hdr10_22412-22738_AV1_CRF63_.txt,33.88519336,46.20651801,49.72000578,0.941604992,5.469446677,44.21619018,0.8321844,1080,1920,130,33.1,10.3,33.86103708,46.20651801,49.72000578,0.941492446,0.010460492,44.1075882,0.515,34.5127521,46.1176872,47.420117,0.952526,50.8358795,2.4714441, 0.56 
aom_nocturne_3840x2160_60_hdr10_9010-9349.yuv,AV1,63,aom_nocturne_3840x2160_60_hdr10_9010-9349_AV1_CRF63_.yuv,aom_nocturne_3840x2160_60_hdr10_9010-9349_AV1_CRF63_.txt,44.4678794,43.35746979,50.4130029,0.991417462,12.52074602,71.72653299,1.030545,1080,1920,130,5.97,1.98,44.12512966,43.35746979,50.4130029,0.991916315,0.003222323,72.04250142,0.406,43.4425898,43.1336639,48.884895,0.9931843,79.5577531,2.7262634, 0.44 
aom_nocturne_3840x2160_60_hdr10_9010-9349.yuv,AV1,38,aom_nocturne_3840x2160_60_hdr10_9010-9349_AV1_CRF38_.yuv,aom_nocturne_3840x2160_60_hdr10_9010-9349_AV1_CRF38_.txt,46.19398036,44.76604335,52.86280529,0.994759631,12.6173143,76.95583288,0.9247422,1080,1920,130,5.97,1.98,45.57160758,44.76604335,52.86280529,0.994790923,0.002272215,77.10041301,0.393,43.4596417,43.4966929,48.9899548,0.9949831,86.2951743,2.6323011, 0.44 
aom_nocturne_3840x2160_60_hdr10_9010-9349.yuv,AV1,51,aom_nocturne_3840x2160_60_hdr10_9010-9349_AV1_CRF51_.yuv,aom_nocturne_3840x2160_60_hdr10_9010-9349_AV1_CRF51_.txt,45.90723056,44.49570325,52.25239966,0.994226608,11.70805715,75.71806649,0.8459315,1080,1920,130,5.97,1.98,45.36445492,44.49570325,52.25239966,0.994352623,0.004344354,75.90065675,0.397,43.4379488,43.4881222,49.062729,0.9947792,84.9293204,2.6963547, 0.44 
aom_nocturne_3840x2160_60_hdr10_9010-9349.yuv,AV1,26,aom_nocturne_3840x2160_60_hdr10_9010-9349_AV1_CRF26_.yuv,aom_nocturne_3840x2160_60_hdr10_9010-9349_AV1_CRF26_.txt,46.34982007,44.89139277,53.23189578,0.995060477,11.99131122,77.51648616,0.9309795,1080,1920,130,5.97,1.98,45.66974147,44.89139277,53.23189578,0.994997808,0.001835685,77.59343581,0.391,43.4588502,43.5947398,49.0092686,0.9950914,86.4614511,2.1900643, 0.43 
aom_nocturne_3840x2160_60_hdr10_9010-9349.yuv,AV1,13,aom_nocturne_3840x2160_60_hdr10_9010-9349_AV1_CRF13_.yuv,aom_nocturne_3840x2160_60_hdr10_9010-9349_AV1_CRF13_.txt,46.72583687,45.77444969,53.41675969,0.995874169,12.24978779,80.81130337,0.9450388,1080,1920,130,5.97,1.98,45.98681861,45.77444969,53.41675969,0.995725638,0.002851069,80.7121547,0.385,43.5164727,43.9077185,48.9835921,0.9955104,87.3731792,1.9599898, 0.41 
AStreetDancerS3IRIS_3840x2176_24fps_10bit_420.yuv,H265,51,AStreetDancerS3IRIS_3840x2176_24fps_10bit_420_H265_CRF51_.yuv,AStreetDancerS3IRIS_3840x2176_24fps_10bit_420_H265_CRF51_.txt,32.82792097,39.16460105,42.54119411,0.916747172,7.4178555,30.69100711,0.9035294,2176,3840,64,24.2,30,32.8165792,39.16460105,42.54119411,0.917056359,0.034808438,30.67636014,0.58,33.1803768,40.2002934,42.8686161,0.9205087,34.2545126,4.2964766, 0.45 
AStreetDancerS3IRIS_3840x2176_24fps_10bit_420.yuv,AV1,63,AStreetDancerS3IRIS_3840x2176_24fps_10bit_420_AV1_CRF63_.yuv,AStreetDancerS3IRIS_3840x2176_24fps_10bit_420_AV1_CRF63_.txt,37.0736373,43.07959908,46.0116462,0.976632844,5.819086266,56.62840364,0.7417841,2176,3840,64,24.2,30,37.01619681,43.07959908,46.0116462,0.976105453,0.005642297,56.52097987,0.528,37.3361014,43.0881645,44.9122042,0.9768822,59.7390319,3.583435, 0.39 
AStreetDancerS3IRIS_3840x2176_24fps_10bit_420.yuv,AV1,51,AStreetDancerS3IRIS_3840x2176_24fps_10bit_420_AV1_CRF51_.yuv,AStreetDancerS3IRIS_3840x2176_24fps_10bit_420_AV1_CRF51_.txt,41.92626713,46.78901247,49.51768038,0.992976984,5.297783188,80.85334558,0.5776021,2176,3840,64,24.2,30,41.73106206,46.78901247,49.51768038,0.992169422,0.004124875,80.66113948,0.288,41.4658171,45.8013802,47.0503182,0.9917076,81.8614036,3.1442599, 0.38 
AStreetDancerS5IRIS_3840x2176_24fps_10bit_420.yuv,H265,51,AStreetDancerS5IRIS_3840x2176_24fps_10bit_420_H265_CRF51_.yuv,AStreetDancerS5IRIS_3840x2176_24fps_10bit_420_H265_CRF51_.txt,32.80978747,40.83627283,42.7941347,0.922206156,5.942224109,31.38725544,0.7197665,2176,3840,64,25.4,23.5,32.7997425,40.83627283,42.7941347,0.922386469,0.027299078,31.35930675,0.435,33.850312,41.9267831,43.3192165,0.9298757,36.8665163,4.0758892, 0.44 
AStreetDancerS5IRIS_3840x2176_24fps_10bit_420.yuv,AV1,63,AStreetDancerS5IRIS_3840x2176_24fps_10bit_420_AV1_CRF63_.yuv,AStreetDancerS5IRIS_3840x2176_24fps_10bit_420_AV1_CRF63_.txt,37.36633911,44.13024978,46.53168388,0.97843475,6.133799219,56.32418566,0.9162172,2176,3840,64,25.4,23.5,37.30893688,44.13024978,46.53168388,0.978029531,0.006575203,56.23311077,0.512,38.3015069,44.7510136,46.0838982,0.9798034,61.1325779,3.8881331, 0.40 
AStreetDancerS5IRIS_3840x2176_24fps_10bit_420.yuv,AV1,51,AStreetDancerS5IRIS_3840x2176_24fps_10bit_420_AV1_CRF51_.yuv,AStreetDancerS5IRIS_3840x2176_24fps_10bit_420_AV1_CRF51_.txt,42.35127844,47.46750114,49.78636886,0.993926328,5.817673266,81.87697102,0.6049071,2176,3840,64,25.4,23.5,42.14744886,47.46750114,49.78636886,0.993251844,0.004424187,81.69098683,0.28,42.3363883,46.6169486,47.4133198,0.9926419,82.6221336,3.8161223, 0.38 
AStreetDancerS5IRIS_3840x2176_24fps_10bit_420.yuv,AV1,38,AStreetDancerS5IRIS_3840x2176_24fps_10bit_420_AV1_CRF38_.yuv,AStreetDancerS5IRIS_3840x2176_24fps_10bit_420_AV1_CRF38_.txt,45.10334778,49.37371703,51.4424618,0.997271891,5.54658825,93.25239423,0.5709402,2176,3840,64,25.4,23.5,44.7245055,49.37371703,51.4424618,0.996531266,0.00425475,93.02062483,0.283,44.0799427,47.2822779,47.7495498,0.9955212,91.7162821,3.6872537, 0.38 
BHamsterBVIHFR_1920x1088_120fps_10bit_420.yuv,H264,41,BHamsterBVIHFR_1920x1088_120fps_10bit_420_H264_CRF41_.yuv,BHamsterBVIHFR_1920x1088_120fps_10bit_420_H264_CRF41_.txt,32.68175745,36.23216756,41.26926613,0.952701828,6.414404094,59.50535258,0.8537898,1088,1920,64,60.5,18.9,32.67021214,36.23216756,41.26926613,0.951073688,0.030582609,59.4888292,0.248,32.7794832,36.7593982,41.6178613,0.9548412,57.3946742,3.1716466, 0.47 
BHamsterBVIHFR_1920x1088_120fps_10bit_420.yuv,H264,51,BHamsterBVIHFR_1920x1088_120fps_10bit_420_H264_CRF51_.yuv,BHamsterBVIHFR_1920x1088_120fps_10bit_420_H264_CRF51_.txt,26.35279334,33.18614616,37.7149317,0.611506516,5.033964641,19.05884719,1.15583,1088,1920,64,60.5,18.9,26.35298233,33.18614616,37.7149317,0.610229391,0.064841922,19.05173889,0.535,26.4520723,33.8109535,38.6635065,0.6286449,16.3728817,4.0996815, 0.64 
CLakeYonseiUniversity_960x544_30fps_10bit_420.yuv,H265,51,CLakeYonseiUniversity_960x544_30fps_10bit_420_H265_CRF51_.yuv,CLakeYonseiUniversity_960x544_30fps_10bit_420_H265_CRF51_.txt,24.23453817,36.33158561,38.9252628,0.552976016,5.100761578,15.47921681,1.273993,544,960,64,76.7,12.4,24.2347943,36.33158561,38.9252628,0.552985922,0.100214703,15.48369642,0.858,24.2334538,35.8801726,39.6841335,0.5616044,16.4870932,2.0121636, 0.73 
CSGO_0.yuv,AV1,63,CSGO_0_AV1_CRF63_.yuv,CSGO_0_AV1_CRF63_.txt,43.11848495,51.98975886,52.9146182,0.9958669,15.72341222,92.74315903,0.877138,1080,1920,300,75,19.9,42.74056314,51.98975886,52.9146182,0.996123307,0.028097173,92.70536728,0.23,44.5858583,49.0177974,49.016296,0.9978856,92.0559725,5.8517023, 0.40 
CSGO_0.yuv,AV1,51,CSGO_0_AV1_CRF51_.yuv,CSGO_0_AV1_CRF51_.txt,49.04742608,57.11327822,58.53873037,0.99833825,16.97731306,96.78823674,0.9125691,1080,1920,300,75,19.9,47.71253254,57.11327822,58.53873037,0.998358443,0.038153083,96.73720001,0.21,44.5999545,49.087911,49.1329227,0.9978246,92.9949326,5.6123379, 0.40 
CSGO_0.yuv,AV1,38,CSGO_0_AV1_CRF38_.yuv,CSGO_0_AV1_CRF38_.txt,51.85441843,59.26977085,59.76452251,0.99902304,17.73674921,97.4300163,1.033503,1080,1920,300,75,19.9,49.45183077,59.26977085,59.76452251,0.998829627,0.030150947,97.35537845,0.201,44.6909387,49.1359156,49.1983841,0.9978953,93.2228384,5.6294396, 0.40 
CSGO_0.yuv,AV1,26,CSGO_0_AV1_CRF26_.yuv,CSGO_0_AV1_CRF26_.txt,53.41977006,59.50701145,59.84848376,0.99933555,17.93371399,97.5276275,1.108567,1080,1920,300,75,19.9,50.17900769,59.50701145,59.84848376,0.999019613,0.03869831,97.43746074,0.209,44.8287107,49.1110958,49.3180575,0.9980177,93.2408941,5.4344932, 0.38 
CSGO_0.yuv,AV1,13,CSGO_0_AV1_CRF13_.yuv,CSGO_0_AV1_CRF13_.txt,54.28888072,59.56160831,59.87529581,0.999496323,18.13427261,97.6002768,1.166325,1080,1920,300,75,19.9,50.49300289,59.56160831,59.87529581,0.999108007,0.042291547,97.51092746,0.215,44.8261044,49.0993379,49.4391104,0.9980256,93.2137682,5.5025213, 0.38 
CSGO_0.yuv,AV1,1,CSGO_0_AV1_CRF1_.yuv,CSGO_0_AV1_CRF1_.txt,56.57777594,59.78165586,59.96641846,0.999795167,11.38378289,97.69162433,0.6803531,1080,1920,300,75,19.9,51.56470976,59.78165586,59.96641846,0.99932536,0.0396539,97.60492035,0.206,44.9384222,49.0322879,50.0898275,0.9981514,93.1517183,5.2411747, 0.37 
CSGO_11.yuv,H264,51,CSGO_11_H264_CRF51_.yuv,CSGO_11_H264_CRF51_.txt,27.73711013,38.54439625,38.59525561,0.786922927,5.044083143,17.59594918,0.9569402,1080,1920,300,70.8,28.1,27.74489076,38.54439625,38.59525561,0.78804035,0.19495221,17.60093486,0.667,25.4847405,39.0438586,40.6376769,0.7137511,17.7470167,1.339016, 0.60 
CSGO_11.yuv,AV1,63,CSGO_11_AV1_CRF63_.yuv,CSGO_11_AV1_CRF63_.txt,35.56632423,43.49614506,43.25095461,0.934800213,6.27732661,63.40150836,0.6562585,1080,1920,300,70.8,28.1,35.52699604,43.49614506,43.25095461,0.934916987,0.01352425,63.28889563,0.44,32.5426004,43.0247711,44.0955352,0.9327287,63.3242017,1.2281511, 0.45 
DCrosswalkHongKongVidevo_480x272_25fps_10bit_420.yuv,H264,51,DCrosswalkHongKongVidevo_480x272_25fps_10bit_420_H264_CRF51_.yuv,DCrosswalkHongKongVidevo_480x272_25fps_10bit_420_H264_CRF51_.txt,23.42664159,33.45741811,32.48449383,0.631694828,5.260523266,8.783029203,1.266225,272,480,64,78.8,20,23.42666203,33.45741811,32.48449383,0.631551672,0.670703391,8.7846835,1.14,22.8092037,32.9262422,32.2943694,0.5976142,8.8855485,1.6589408, 1.09 
DDrivingPOVHarmonics_480x272_60fps_10bit_420.yuv,AV1,63,DDrivingPOVHarmonics_480x272_60fps_10bit_420_AV1_CRF63_.yuv,DDrivingPOVHarmonics_480x272_60fps_10bit_420_AV1_CRF63_.txt,29.60637925,37.55113345,40.08401283,0.889094109,5.224090016,74.47521491,0.568209,272,480,64,115,11.5,29.60280595,37.55113345,40.08401283,0.887932375,0.029950359,74.4708357,0.237,30.6837674,37.9252405,40.5290679,0.9083125,79.7525022,3.6718238, 0.49 
DFireS71Mitch_480x272_24fps_10bit_420.yuv,H264,41,DFireS71Mitch_480x272_24fps_10bit_420_H264_CRF41_.yuv,DFireS71Mitch_480x272_24fps_10bit_420_H264_CRF41_.txt,26.82919005,34.96852152,34.24262183,0.840668063,5.886785781,42.88623544,1.543448,272,480,64,99.9,54.2,26.82462402,34.96852152,34.24262183,0.838100641,0.075716016,42.88997366,0.368,27.5802513,37.2543802,35.5881475,0.8704398,39.73459,2.313535, 0.65 
DFireS71Mitch_480x272_24fps_10bit_420.yuv,H264,51,DFireS71Mitch_480x272_24fps_10bit_420_H264_CRF51_.yuv,DFireS71Mitch_480x272_24fps_10bit_420_H264_CRF51_.txt,21.65803463,31.02156836,30.44941902,0.713051062,9.300691656,10.16852614,1.3817,272,480,64,99.9,54.2,21.65885155,31.02156836,30.44941902,0.711615906,0.441513625,10.16424228,0.693,22.1975347,31.8558362,30.8647277,0.7638747,3.699244,5.596184, 0.98 
Dolby_Amaze_Lossless-ATMOS-thedigitaltheater_10.yuv,H264,41,Dolby_Amaze_Lossless-ATMOS-thedigitaltheater_10_H264_CRF41_.yuv,Dolby_Amaze_Lossless-ATMOS-thedigitaltheater_10_H264_CRF41_.txt,34.49037583,43.46931491,42.22344509,0.920817008,9.458273192,47.75378906,0.7191872,1080,1920,120,45.1,10.3,34.47477807,43.46931491,42.22344509,0.921508933,0.0904359,47.72516358,0.467,34.9351206,43.4951027,44.3609781,0.9135015,20.39531,3.1556654, 0.49 
Dolby_Amaze_Lossless-ATMOS-thedigitaltheater_10.yuv,H265,51,Dolby_Amaze_Lossless-ATMOS-thedigitaltheater_10_H265_CRF51_.yuv,Dolby_Amaze_Lossless-ATMOS-thedigitaltheater_10_H265_CRF51_.txt,30.52436391,38.96097817,37.69515162,0.841998083,6.008451358,27.03621818,0.7650486,1080,1920,120,45.1,10.3,30.51818794,38.96097817,37.69515162,0.842762442,0.035059592,27.03559173,0.485,31.9263363,39.5375183,40.5767321,0.8474875,3.1132578,3.8427215, 0.53 
Dolby_Amaze_Lossless-ATMOS-thedigitaltheater_10.yuv,H265,41,Dolby_Amaze_Lossless-ATMOS-thedigitaltheater_10_H265_CRF41_.yuv,Dolby_Amaze_Lossless-ATMOS-thedigitaltheater_10_H265_CRF41_.txt,35.46401628,42.07569576,40.69869582,0.929681325,5.136746517,53.28823049,0.6415145,1080,1920,120,45.1,10.3,35.43740074,42.07569576,40.69869582,0.930160275,0.020812692,53.2652677,0.457,35.7867284,42.6727963,42.9328699,0.9262664,29.0086811,3.3360989, 0.50 
Dolby_Amaze_Lossless-ATMOS-thedigitaltheater_10.yuv,AV1,63,Dolby_Amaze_Lossless-ATMOS-thedigitaltheater_10_AV1_CRF63_.yuv,Dolby_Amaze_Lossless-ATMOS-thedigitaltheater_10_AV1_CRF63_.txt,34.12369053,42.06342217,40.4483117,0.907215417,7.585143533,48.22631661,0.6935498,1080,1920,120,45.1,10.3,34.09661742,42.06342217,40.4483117,0.907564333,0.008143933,48.19862279,0.431,34.7731911,42.8866955,42.9156244,0.9100837,20.9770672,3.2473265, 0.52 
Dolby_Atmos_Natures_Fury_1920x1080_ATMOS_71-thedigitaltheater_4.yuv,H264,41,Dolby_Atmos_Natures_Fury_1920x1080_ATMOS_71-thedigitaltheater_4_H264_CRF41_.yuv,Dolby_Atmos_Natures_Fury_1920x1080_ATMOS_71-thedigitaltheater_4_H264_CRF41_.txt,36.38160253,42.91294639,43.10892532,0.9606899,10.77933825,52.66521459,0.7270213,1080,1920,120,42.1,33.5,36.33707061,42.91294639,43.10892532,0.961657592,0.0959832,52.66844328,0.434,36.1090576,44.0106234,45.6497127,0.9677912,53.5730849,2.3600762, 0.46 
Dolby_Atmos_Natures_Fury_1920x1080_ATMOS_71-thedigitaltheater_4.yuv,H264,51,Dolby_Atmos_Natures_Fury_1920x1080_ATMOS_71-thedigitaltheater_4_H264_CRF51_.yuv,Dolby_Atmos_Natures_Fury_1920x1080_ATMOS_71-thedigitaltheater_4_H264_CRF51_.txt,29.75461213,39.62082897,38.14868655,0.838323183,5.262607492,5.287880583,1.11357,1080,1920,120,42.1,33.5,29.7616957,39.62082897,38.14868655,0.839699275,0.252340133,5.28879435,0.757,30.1291443,39.9458335,41.267226,0.8399877,4.5789398,2.3493094, 0.71 
Dolby_Atmos_Natures_Fury_1920x1080_ATMOS_71-thedigitaltheater_4.yuv,H264,21,Dolby_Atmos_Natures_Fury_1920x1080_ATMOS_71-thedigitaltheater_4_H264_CRF21_.yuv,Dolby_Atmos_Natures_Fury_1920x1080_ATMOS_71-thedigitaltheater_4_H264_CRF21_.txt,49.60065446,51.31088728,51.44939398,0.998913517,10.90818641,97.04077263,0.693384,1080,1920,120,42.1,33.5,48.19632887,51.31088728,51.44939398,0.9987346,0.014619375,96.8526136,0.271,45.3938316,47.2573215,48.5084129,0.9978611,95.1355998,0.9854173, 0.45 
Dolby_Atmos_Natures_Fury_1920x1080_ATMOS_71-thedigitaltheater_4.yuv,H264,31,Dolby_Atmos_Natures_Fury_1920x1080_ATMOS_71-thedigitaltheater_4_H264_CRF31_.yuv,Dolby_Atmos_Natures_Fury_1920x1080_ATMOS_71-thedigitaltheater_4_H264_CRF31_.txt,42.79363355,46.24880225,47.14753719,0.992759183,13.822941,86.29280864,0.6925785,1080,1920,120,42.1,33.5,42.46269333,46.24880225,47.14753719,0.992961133,0.017872825,86.20823248,0.308,42.2443457,45.7684931,47.7081108,0.9953744,87.9420273,1.5490238, 0.46 
Dolby_Atmos_Natures_Fury_1920x1080_ATMOS_71-thedigitaltheater_4.yuv,H264,11,Dolby_Atmos_Natures_Fury_1920x1080_ATMOS_71-thedigitaltheater_4_H264_CRF11_.yuv,Dolby_Atmos_Natures_Fury_1920x1080_ATMOS_71-thedigitaltheater_4_H264_CRF11_.txt,55.89349958,56.70212019,56.66273108,0.999834167,7.688701108,99.30050624,0.5895713,1080,1920,120,42.1,33.5,51.87117704,56.70212019,56.66273108,0.999539667,0.003994358,99.23744379,0.278,46.1006231,47.9874919,49.1064573,0.9983957,96.6110277,0.4513049, 0.44 
Dolby_Atmos_Natures_Fury_1920x1080_ATMOS_71-thedigitaltheater_4.yuv,H264,1,Dolby_Atmos_Natures_Fury_1920x1080_ATMOS_71-thedigitaltheater_4_H264_CRF1_.yuv,Dolby_Atmos_Natures_Fury_1920x1080_ATMOS_71-thedigitaltheater_4_H264_CRF1_.txt,60,60,60,0.999985475,7.613598983,99.54092023,0.5866886,1080,1920,120,42.1,33.5,53.89156736,60,60,0.999681008,0.002790383,99.48518448,0.271,46.2520515,48.177777,49.2853466,0.9984899,96.8854026,0.440691, 0.44 
Dolby_Atmos_Natures_Fury_1920x1080_ATMOS_71-thedigitaltheater_7.yuv,AV1,63,Dolby_Atmos_Natures_Fury_1920x1080_ATMOS_71-thedigitaltheater_7_AV1_CRF63_.yuv,Dolby_Atmos_Natures_Fury_1920x1080_ATMOS_71-thedigitaltheater_7_AV1_CRF63_.txt,34.34325343,39.41718403,38.22377406,0.922735508,5.404949458,50.04275957,0.7307632,1080,1920,120,47.7,59.9,34.31694068,39.41718403,38.22377406,0.923322508,0.016593783,50.07764861,0.533,35.2048057,40.3462737,39.8245355,0.9427079,57.4326099,2.1754873, 0.53 
Dolby_Atmos_Natures_Fury_1920x1080_ATMOS_71-thedigitaltheater_7.yuv,AV1,51,Dolby_Atmos_Natures_Fury_1920x1080_ATMOS_71-thedigitaltheater_7_AV1_CRF51_.yuv,Dolby_Atmos_Natures_Fury_1920x1080_ATMOS_71-thedigitaltheater_7_AV1_CRF51_.txt,39.04824154,43.85199638,42.84273867,0.974047542,7.676112475,82.28607918,0.6748589,1080,1920,120,47.7,59.9,38.93896026,43.85199638,42.84273867,0.974360442,0.02278135,82.28278371,0.466,38.876356,43.921208,44.3720673,0.9816233,89.589958,2.4025899, 0.51 
Dolby_Atmos_Natures_Fury_1920x1080_ATMOS_71-thedigitaltheater_7.yuv,AV1,38,Dolby_Atmos_Natures_Fury_1920x1080_ATMOS_71-thedigitaltheater_7_AV1_CRF38_.yuv,Dolby_Atmos_Natures_Fury_1920x1080_ATMOS_71-thedigitaltheater_7_AV1_CRF38_.txt,42.77210675,46.52481361,45.92645569,0.991037475,6.823506967,96.50214986,0.6601695,1080,1920,120,47.7,59.9,42.51919456,46.52481361,45.92645569,0.991214775,0.016132833,96.48180415,0.443,40.9768315,45.2838801,46.2249109,0.9928264,98.9113275,2.3140145, 0.51 
Dolby_Atmos_Natures_Fury_1920x1080_ATMOS_71-thedigitaltheater_7.yuv,AV1,26,Dolby_Atmos_Natures_Fury_1920x1080_ATMOS_71-thedigitaltheater_7_AV1_CRF26_.yuv,Dolby_Atmos_Natures_Fury_1920x1080_ATMOS_71-thedigitaltheater_7_AV1_CRF26_.txt,46.37404608,48.90634381,48.56768409,0.996912508,6.223324592,98.81741385,0.6781225,1080,1920,120,47.7,59.9,45.84338625,48.90634381,48.56768409,0.996970942,0.014382742,98.82149766,0.455,42.5018284,46.1579454,47.4078949,0.9965929,99.4508336,2.2778877, 0.52 
Dolby_Atmos_Natures_Fury_1920x1080_ATMOS_71-thedigitaltheater_7.yuv,AV1,13,Dolby_Atmos_Natures_Fury_1920x1080_ATMOS_71-thedigitaltheater_7_AV1_CRF13_.yuv,Dolby_Atmos_Natures_Fury_1920x1080_ATMOS_71-thedigitaltheater_7_AV1_CRF13_.txt,49.77663453,51.1243777,50.93925098,0.998826608,6.444769458,99.41868339,0.7280187,1080,1920,120,47.7,59.9,48.67690016,51.1243777,50.93925098,0.998754358,0.010654858,99.41689358,0.48,43.3186627,46.5240685,48.0502,0.9978144,99.461471,2.2790007, 0.52 
Dolby_Atmos_Natures_Fury_1920x1080_ATMOS_71-thedigitaltheater_7.yuv,AV1,1,Dolby_Atmos_Natures_Fury_1920x1080_ATMOS_71-thedigitaltheater_7_AV1_CRF1_.yuv,Dolby_Atmos_Natures_Fury_1920x1080_ATMOS_71-thedigitaltheater_7_AV1_CRF1_.txt,58.4796516,59.02011058,58.87044935,0.9998987,5.03670705,99.8052688,0.700907,1080,1920,120,47.7,59.9,53.54168268,59.02011058,58.87044935,0.999675817,0.017586733,99.79116093,0.474,43.9240536,47.0158394,48.9664679,0.9985125,99.4584271,1.9463831, 0.52 
FlowingRiverLowSpeedLowGran_300frames_1920x1080.yuv,H264,51,FlowingRiverLowSpeedLowGran_300frames_1920x1080_H264_CRF51_.yuv,FlowingRiverLowSpeedLowGran_300frames_1920x1080_H264_CRF51_.txt,30.586646,39.33221393,39.72156755,0.9025,5.34757921,27.98829105,1.206511,1080,1920,300,9.98,5.51,30.60079788,39.33221393,39.72156755,0.90329225,0.129765297,28.42581321,0.455,29.8837891,42.1936755,42.681848,0.9322473,31.7301658,1.6663595, 0.38 
FlowingRiverLowSpeedLowGran_300frames_1920x1080.yuv,H265,51,FlowingRiverLowSpeedLowGran_300frames_1920x1080_H265_CRF51_.yuv,FlowingRiverLowSpeedLowGran_300frames_1920x1080_H265_CRF51_.txt,35.18777406,40.89017736,40.77100088,0.94528348,14.47555824,29.21076972,1.028145,1080,1920,300,9.98,5.51,35.19486729,40.89017736,40.77100088,0.946877997,0.064236687,29.42067655,0.457,36.1003541,42.2034117,42.1989887,0.9596282,35.7300828,2.9065144, 0.40 
FlowingRiverLowSpeedLowGran_300frames_1920x1080.yuv,H265,41,FlowingRiverLowSpeedLowGran_300frames_1920x1080_H265_CRF41_.yuv,FlowingRiverLowSpeedLowGran_300frames_1920x1080_H265_CRF41_.txt,37.83156645,44.45087573,49.52188337,0.965113483,9.460569783,46.18706835,0.7385164,1080,1920,300,9.98,5.51,37.81407892,44.45087573,49.52188337,0.966100937,0.016243433,46.44264693,0.411,37.9731839,47.1805594,49.7556843,0.9754952,47.4220222,2.881513, 0.43 
FlowingRiverLowSpeedLowGran_300frames_1920x1080.yuv,H265,31,FlowingRiverLowSpeedLowGran_300frames_1920x1080_H265_CRF31_.yuv,FlowingRiverLowSpeedLowGran_300frames_1920x1080_H265_CRF31_.txt,39.91977671,47.37925479,51.72502077,0.985867057,5.611680513,68.60318619,0.5008534,1080,1920,300,9.98,5.51,39.83950175,47.37925479,51.72502077,0.986263217,0.01430931,68.87274246,0.359,39.0536303,48.5622012,48.1895392,0.9886426,66.4622222,2.837729, 0.43 
FlowingRiverLowSpeedLowGran_300frames_1920x1080.yuv,AV1,63,FlowingRiverLowSpeedLowGran_300frames_1920x1080_AV1_CRF63_.yuv,FlowingRiverLowSpeedLowGran_300frames_1920x1080_AV1_CRF63_.txt,37.99869091,45.43855925,50.1268454,0.96897585,17.20161855,39.29349944,1.092557,1080,1920,300,9.98,5.51,37.91625701,45.43855925,50.1268454,0.96969842,0.003895303,39.70420712,0.375,37.8227296,46.7253896,49.7456173,0.9737266,42.1855383,3.2918415, 0.42 
FlowingRiverLowSpeedLowGran_300frames_1920x1080.yuv,AV1,51,FlowingRiverLowSpeedLowGran_300frames_1920x1080_AV1_CRF51_.yuv,FlowingRiverLowSpeedLowGran_300frames_1920x1080_AV1_CRF51_.txt,39.7145064,49.26536452,54.22505552,0.984314497,15.92351409,59.02277503,0.8434042,1080,1920,300,9.98,5.51,39.54030507,49.26536452,54.22505552,0.984365973,0.004649643,59.27382573,0.369,38.8994003,48.7234201,49.4444719,0.9862664,57.4366083,3.0081893, 0.43 
FlowingRiverLowSpeedLowGran_300frames_1920x1080.yuv,AV1,38,FlowingRiverLowSpeedLowGran_300frames_1920x1080_AV1_CRF38_.yuv,FlowingRiverLowSpeedLowGran_300frames_1920x1080_AV1_CRF38_.txt,40.37763314,51.22979365,55.69079179,0.990182493,16.45419092,70.15998929,0.8958463,1080,1920,300,9.98,5.51,40.14988244,51.22979365,55.69079179,0.98992216,0.004580293,70.29456062,0.392,39.257703,49.3671338,49.3311336,0.9908849,66.4934909,2.924272, 0.44 
FlowingRiverLowSpeedLowGran_300frames_1920x1080.yuv,AV1,26,FlowingRiverLowSpeedLowGran_300frames_1920x1080_AV1_CRF26_.yuv,FlowingRiverLowSpeedLowGran_300frames_1920x1080_AV1_CRF26_.txt,40.70463994,53.12888695,56.50529047,0.992966707,16.57317551,77.56711883,0.9132802,1080,1920,300,9.98,5.51,40.44889505,53.12888695,56.50529047,0.99256299,0.005471197,77.58775518,0.41,39.3926805,49.7679192,49.3143046,0.9931669,74.1928884,2.4610943, 0.42 
FlowingRiverLowSpeedLowGran_300frames_1920x1080.yuv,AV1,13,FlowingRiverLowSpeedLowGran_300frames_1920x1080_AV1_CRF13_.yuv,FlowingRiverLowSpeedLowGran_300frames_1920x1080_AV1_CRF13_.txt,40.94524407,54.28754978,57.00427998,0.994366713,15.58559476,82.24594921,0.84811,1080,1920,300,9.98,5.51,40.69641506,54.28754978,57.00427998,0.993976043,0.011906327,82.23523784,0.392,39.5192255,49.7453917,49.3672175,0.9942322,78.3897398,1.7493422, 0.39 
GTAV_8.yuv,AV1,63,GTAV_8_AV1_CRF63_.yuv,GTAV_8_AV1_CRF63_.txt,37.1937901,45.44341078,46.38082511,0.964019247,5.468882363,55.07558,0.6083979,1080,1920,300,40.9,11.2,37.14111941,45.44341078,46.38082511,0.964325687,0.010769303,54.92358511,0.428,36.8325066,45.4672542,46.3419377,0.9667885,63.8340562,1.9929266, 0.54 
GTAV_8.yuv,AV1,51,GTAV_8_AV1_CRF51_.yuv,GTAV_8_AV1_CRF51_.txt,41.19083195,48.71515504,48.97252404,0.987309793,5.67661764,81.11585051,0.633769,1080,1920,300,40.9,11.2,41.03584037,48.71515504,48.97252404,0.987273663,0.016986763,80.8168656,0.425,39.534714,47.2460376,48.1585645,0.9882387,82.8505504,1.9010341, 0.53 
GTAV_8.yuv,AV1,38,GTAV_8_AV1_CRF38_.yuv,GTAV_8_AV1_CRF38_.txt,43.60530097,50.46882605,50.33764711,0.993830407,5.452375683,89.33595138,0.6700076,1080,1920,300,40.9,11.2,43.32054027,50.46882605,50.33764711,0.9936145,0.02292001,88.9892873,0.425,40.8003596,47.7542965,48.7998836,0.9934665,89.6483716,1.7408, 0.53 
GTAV_8.yuv,AV1,26,GTAV_8_AV1_CRF26_.yuv,GTAV_8_AV1_CRF26_.txt,46.00111357,51.95063248,51.57266652,0.99675264,5.474358667,93.87351081,0.7348765,1080,1920,300,40.9,11.2,45.50914471,51.95063248,51.57266652,0.99644955,0.029194373,93.48660326,0.426,41.8128193,48.0119871,49.211643,0.9958266,93.4389162,1.5589144, 0.53 
HexagonTileLowSpeedLowGran_300frames_1920x1080.yuv,AV1,38,HexagonTileLowSpeedLowGran_300frames_1920x1080_AV1_CRF38_.yuv,HexagonTileLowSpeedLowGran_300frames_1920x1080_AV1_CRF38_.txt,44.71932506,49.62579376,50.57244123,0.99902651,5.37097426,99.98742876,0.6255527,1080,1920,300,64.8,24.8,44.52768866,49.62579376,50.57244123,0.99906196,0.022032627,99.98741596,0.198,43.0159935,47.4890426,49.7710733,0.9990607,99.4491401,4.7990052, 0.55 
HexagonTileLowSpeedLowGran_300frames_1920x1080.yuv,AV1,26,HexagonTileLowSpeedLowGran_300frames_1920x1080_AV1_CRF26_.yuv,HexagonTileLowSpeedLowGran_300frames_1920x1080_AV1_CRF26_.txt,46.0906343,51.21989618,52.24851754,0.999276387,5.98986216,99.988636,0.6529411,1080,1920,300,64.8,24.8,45.81288549,51.21989618,52.24851754,0.999301943,0.012556347,99.98861488,0.187,43.3324467,47.8518613,50.2723594,0.9991736,99.4767177,4.4907561, 0.50 
HexagonTileLowSpeedLowGran_300frames_1920x1080.yuv,AV1,13,HexagonTileLowSpeedLowGran_300frames_1920x1080_AV1_CRF13_.yuv,HexagonTileLowSpeedLowGran_300frames_1920x1080_AV1_CRF13_.txt,47.4074494,52.62329069,53.62625706,0.999440717,6.380358413,99.98916205,0.702342,1080,1920,300,64.8,24.8,47.01538671,52.62329069,53.62625706,0.999442473,0.01052917,99.98912576,0.184,43.5540122,47.9483174,50.4073834,0.9992723,99.4869625,3.6651801, 0.43 
MINECRAFT_4.yuv,AV1,63,MINECRAFT_4_AV1_CRF63_.yuv,MINECRAFT_4_AV1_CRF63_.txt,35.58888441,40.27209917,41.83517651,0.944974407,6.494244323,61.04817524,0.6899563,1080,1920,300,75.7,30.1,35.53916399,40.27209917,41.83517651,0.945429673,0.014731697,60.89881298,0.45,32.6980349,40.1716629,39.4536575,0.9404669,62.5306343,1.7527682, 0.51 
MINECRAFT_4.yuv,AV1,51,MINECRAFT_4_AV1_CRF51_.yuv,MINECRAFT_4_AV1_CRF51_.txt,39.97831721,45.46951135,46.10104251,0.983505937,7.157813193,84.79141807,0.6269395,1080,1920,300,75.7,30.1,39.80113716,45.46951135,46.10104251,0.983451027,0.04215308,84.52021674,0.34,35.7522836,42.9232471,42.8289748,0.9780052,82.0250998,1.5169245, 0.48 
MINECRAFT_4.yuv,AV1,38,MINECRAFT_4_AV1_CRF38_.yuv,MINECRAFT_4_AV1_CRF38_.txt,42.88138163,48.2242955,48.64288879,0.99302425,7.428875897,94.03846369,0.6441683,1080,1920,300,75.7,30.1,42.52001752,48.2242955,48.64288879,0.992781873,0.06568923,93.74785043,0.308,37.307269,44.0564904,44.2948724,0.9880202,88.9825766,1.3381315, 0.47 
MINECRAFT_4.yuv,AV1,26,MINECRAFT_4_AV1_CRF26_.yuv,MINECRAFT_4_AV1_CRF26_.txt,45.76223299,50.3333946,50.58835783,0.9966472,7.690356717,97.60572375,0.6649084,1080,1920,300,75.7,30.1,45.09890837,50.3333946,50.58835783,0.996315317,0.1148545,97.374113,0.292,38.9451174,44.8976424,45.1972106,0.9932514,93.4322313,1.253849, 0.47 
MINECRAFT_4.yuv,AV1,13,MINECRAFT_4_AV1_CRF13_.yuv,MINECRAFT_4_AV1_CRF13_.txt,48.78237579,52.21079999,52.31638181,0.998318997,7.750371753,98.92660086,0.6804153,1080,1920,300,75.7,30.1,47.64503406,52.21079999,52.31638181,0.997959293,0.148527837,98.76327317,0.283,40.7926297,45.6303105,46.04425,0.9961662,96.1227119,1.1173021, 0.46 
MINECRAFT_6.yuv,AV1,51,MINECRAFT_6_AV1_CRF51_.yuv,MINECRAFT_6_AV1_CRF51_.txt,39.13996825,44.4049565,45.54695619,0.982127743,5.705522627,91.39727201,0.5543443,1080,1920,300,90.5,24.4,39.01967749,44.4049565,45.54695619,0.982059963,0.10760912,91.22141701,0.278,37.0250695,43.3745979,44.5687309,0.9862523,92.9781681,1.3152069, 0.29 
MINECRAFT_6.yuv,AV1,38,MINECRAFT_6_AV1_CRF38_.yuv,MINECRAFT_6_AV1_CRF38_.txt,42.27411483,47.43478755,48.34275844,0.99333379,5.755752103,98.22040791,0.5586321,1080,1920,300,90.5,24.4,42.00150642,47.43478755,48.34275844,0.993136437,0.189068337,98.09732517,0.242,38.9344062,45.0750436,45.9714758,0.9939005,97.5902532,1.1198994, 0.26 
MINECRAFT_6.yuv,AV1,26,MINECRAFT_6_AV1_CRF26_.yuv,MINECRAFT_6_AV1_CRF26_.txt,45.52632054,49.79983352,50.45870445,0.99699073,5.932912677,99.3665341,0.5587576,1080,1920,300,90.5,24.4,44.96558989,49.79983352,50.45870445,0.996759823,0.260581587,99.31659062,0.232,40.5062957,46.3998317,46.7658717,0.9968089,97.7773475,0.9365383, 0.25 
MINECRAFT_6.yuv,AV1,13,MINECRAFT_6_AV1_CRF13_.yuv,MINECRAFT_6_AV1_CRF13_.txt,48.58502661,51.88834302,52.13197884,0.998484823,5.50513746,99.65798301,0.5414533,1080,1920,300,90.5,24.4,47.62351213,51.88834302,52.13197884,0.99824606,0.283102033,99.63051733,0.227,41.6112801,47.2643087,47.3753357,0.998071,97.8436923,0.7829237, 0.24 
svt_smoke_sauna_3840x2160_50_10bit_420.yuv,H265,51,svt_smoke_sauna_3840x2160_50_10bit_420_H265_CRF51_.yuv,svt_smoke_sauna_3840x2160_50_10bit_420_H265_CRF51_.txt,32.36768102,38.16893177,41.96676232,0.908184708,5.289695446,13.79805018,0.9840629,1080,1920,130,27.2,7.73,32.37195342,38.16893177,41.96676232,0.909648069,0.096764769,13.7936381,0.833,32.6044956,38.7214327,41.3924577,0.9204669,16.7619169,1.2942381, 0.56 
wipe_3840x2160_5994_10bit_420_6309-6439.yuv,AV1,63,wipe_3840x2160_5994_10bit_420_6309-6439_AV1_CRF63_.yuv,wipe_3840x2160_5994_10bit_420_6309-6439_AV1_CRF63_.txt,47.72175917,49.69731021,54.56502763,0.997496592,18.61101547,85.06372676,1.56145,1080,1920,130,12.2,2.89,46.86818931,49.69731021,54.56502763,0.997758146,0.008006438,84.92530069,0.337,42.97272,47.7135381,49.3645478,0.9977287,86.1414141,3.0254305, 0.39 
wipe_3840x2160_5994_10bit_420_6309-6439.yuv,AV1,38,wipe_3840x2160_5994_10bit_420_6309-6439_AV1_CRF38_.yuv,wipe_3840x2160_5994_10bit_420_6309-6439_AV1_CRF38_.txt,51.29036753,52.89343562,57.5667941,0.998883908,18.68286358,93.64217393,1.73914,1080,1920,130,12.2,2.89,49.42575708,52.89343562,57.5667941,0.998972531,0.002725038,93.46471821,0.327,43.353349,48.550264,49.504613,0.998795,93.684631,3.0374368, 0.39 
wipe_3840x2160_5994_10bit_420_6309-6439.yuv,AV1,51,wipe_3840x2160_5994_10bit_420_6309-6439_AV1_CRF51_.yuv,wipe_3840x2160_5994_10bit_420_6309-6439_AV1_CRF51_.txt,50.2723884,51.67882946,56.24665308,0.998592577,18.80064351,92.38615894,1.761735,1080,1920,130,12.2,2.89,48.76422847,51.67882946,56.24665308,0.998730415,0.006307908,92.20330982,0.329,43.3446395,48.521967,49.494592,0.9985841,92.6387685,3.0397585, 0.39 
wipe_3840x2160_5994_10bit_420_6309-6439.yuv,AV1,26,wipe_3840x2160_5994_10bit_420_6309-6439_AV1_CRF26_.yuv,wipe_3840x2160_5994_10bit_420_6309-6439_AV1_CRF26_.txt,51.84693158,53.72951132,58.27583895,0.999079892,16.13926918,94.46650678,1.157615,1080,1920,130,12.2,2.89,49.76916757,53.72951132,58.27583895,0.999075446,0.004876885,94.28085398,0.33,43.3139741,48.5153747,49.5088446,0.9988673,94.18753,2.9227127, 0.38 
wipe_3840x2160_5994_10bit_420_6309-6439.yuv,AV1,13,wipe_3840x2160_5994_10bit_420_6309-6439_AV1_CRF13_.yuv,wipe_3840x2160_5994_10bit_420_6309-6439_AV1_CRF13_.txt,52.27900778,54.33294865,58.55998478,0.999168169,17.10132864,95.06719401,1.287545,1080,1920,130,12.2,2.89,50.00003032,54.33294865,58.55998478,0.999158762,0.005673762,94.8740134,0.331,43.3274009,48.5611967,49.5061722,0.9988862,94.2642745,2.9313197, 0.38 
wipe_3840x2160_5994_10bit_420_6309-6439.yuv,AV1,1,wipe_3840x2160_5994_10bit_420_6309-6439_AV1_CRF1_.yuv,wipe_3840x2160_5994_10bit_420_6309-6439_AV1_CRF1_.txt,55.15833476,57.98958027,59.9823667,0.999690554,9.955125477,97.22228751,0.606006,1080,1920,130,12.2,2.89,51.56179138,57.98958027,59.9823667,0.999487638,0.009590731,97.10329603,0.31,43.4645286,48.7282974,49.5402249,0.9991164,95.5859741,2.7347171, 0.37 
WITCHER3_11.yuv,H265,51,WITCHER3_11_H265_CRF51_.yuv,WITCHER3_11_H265_CRF51_.txt,33.10749229,41.66069246,42.14196994,0.885933903,8.05276256,5.256109827,0.8862082,1080,1920,300,33.8,19.8,33.09715767,41.66069246,42.14196994,0.886797897,0.039711427,5.256889447,0.493,34.835277,42.9552734,43.4995715,0.9253677,2.7203806,5.9950437, 0.49 
WITCHER3_11.yuv,H265,41,WITCHER3_11_H265_CRF41_.yuv,WITCHER3_11_H265_CRF41_.txt,36.55989481,44.38410894,44.83019354,0.95017269,6.067652393,44.56484133,0.6431934,1080,1920,300,33.8,19.8,36.52678493,44.38410894,44.83019354,0.950599387,0.033524377,44.51442845,0.422,37.0781783,44.7365122,45.30351,0.9582751,30.1537472,5.3764857, 0.52 
WITCHER3_11.yuv,AV1,63,WITCHER3_11_AV1_CRF63_.yuv,WITCHER3_11_AV1_CRF63_.txt,36.62494342,44.87697164,45.24255139,0.949900367,9.529463853,43.25226173,0.7504471,1080,1920,300,33.8,19.8,36.56123712,44.87697164,45.24255139,0.95010507,0.01136649,43.13704144,0.398,37.2681808,44.7524818,45.2156663,0.9600778,34.8312444,5.9825358, 0.54 
WITCHER3_11.yuv,AV1,51,WITCHER3_11_AV1_CRF51_.yuv,WITCHER3_11_AV1_CRF51_.txt,39.65696295,47.29332114,47.94461523,0.98273057,7.417265907,73.60745322,0.6758184,1080,1920,300,33.8,19.8,39.52664393,47.29332114,47.94461523,0.98241033,0.01359909,73.39053793,0.421,39.6018027,45.5884989,46.5684838,0.9839536,66.0726336,5.0033826, 0.55 
WITCHER3_11.yuv,AV1,38,WITCHER3_11_AV1_CRF38_.yuv,WITCHER3_11_AV1_CRF38_.txt,41.7553721,48.49221435,49.1970078,0.991762277,6.053306057,84.93432889,0.6428674,1080,1920,300,33.8,19.8,41.5638517,48.49221435,49.1970078,0.99132422,0.015857827,84.72626099,0.425,41.2313474,45.921758,47.0592189,0.991121,78.2133789,4.7220899, 0.53 
